n_nodes,turning_radius,instance_idx,aa_cost,glkh_cost,aa_time,glkh_time,relative_error,cost_ratio,seed,success
10,0.05,0,2.4940165093619378,2.2788429576586666,0.010351419448852539,1.0436773300170898,0.09442228170226577,1.0944222817022657,1,True
10,0.05,1,3.246530828673919,2.8259618765501733,0.010660171508789062,1.060140609741211,0.14882329291616647,1.1488232929161664,2,True
10,0.05,2,3.471303144694422,2.90065702871834,0.014012575149536133,0.9827539920806885,0.19672995129252593,1.196729951292526,3,True
10,0.05,3,3.9294977688907538,3.7303999746627516,0.013227462768554688,1.296743392944336,0.053371701581678685,1.0533717015816786,4,True
10,0.05,4,3.3053641251121313,2.840240288520845,0.010313749313354492,0.9375474452972412,0.1637621431085029,1.1637621431085028,5,True
10,0.05,5,3.193135512951102,3.0064631396835324,0.010422945022583008,0.8844268321990967,0.06209035820316728,1.0620903582031673,6,True
10,0.05,6,3.3015274891998763,3.2174617467193816,0.012559652328491211,1.4580390453338623,0.026127969529462346,1.0261279695294623,7,True
10,0.05,7,3.7039264676380137,3.2152954092585793,0.012978792190551758,1.031991720199585,0.15197081331077716,1.151970813310777,8,True
10,0.05,8,3.6096179712018324,3.210510391496253,0.0052776336669921875,0.9201557636260986,0.12431281355223274,1.1243128135522327,9,True
10,0.05,9,3.427373126734836,3.324650559377601,0.0032608509063720703,0.8990199565887451,0.03089725236461116,1.0308972523646112,10,True
10,0.05,10,3.5972287019822615,3.295494759201854,0.005335807800292969,1.394972324371338,0.09155952742388382,1.0915595274238838,11,True
10,0.05,11,4.250128916465511,3.583505042312822,0.003502368927001953,0.8765139579772949,0.1860256554076019,1.1860256554076019,12,True
10,0.05,12,3.8714478335142233,3.259842733836085,0.005409955978393555,1.5718269348144531,0.18761797718947612,1.1876179771894761,13,True
10,0.05,13,3.196155949960837,2.9881978203982746,0.003367185592651367,1.0429222583770752,0.06959316017935029,1.0695931601793502,14,True
10,0.05,14,3.8653667229377735,3.2210162540731577,0.003427267074584961,1.1551692485809326,0.20004570546634096,1.200045705466341,15,True
10,0.05,15,2.922125899456106,2.9167141648175634,0.0050237178802490234,1.3583638668060303,0.00185542166038097,1.001855421660381,16,True
10,0.05,16,4.011207100442657,3.4586332323897833,0.005370140075683594,1.1126973628997803,0.15976654097869347,1.1597665409786935,17,True
10,0.05,17,3.455823960865737,3.2348657299163035,0.005095481872558594,1.1390187740325928,0.06830522482154158,1.0683052248215417,18,True
10,0.05,18,3.22732064329433,2.8770979436962456,0.003239154815673828,1.0927815437316895,0.12172776403577998,1.12172776403578,19,True
10,0.05,19,3.6374024913559166,3.128945314536834,0.005197763442993164,1.121598243713379,0.1625011387884698,1.1625011387884698,20,True
10,0.05,20,3.5696428389637553,3.418717107781458,0.005367279052734375,0.8985123634338379,0.044146890902078496,1.0441468909020786,21,True
10,0.05,21,3.528377135278033,3.1270242081483506,0.003150463104248047,1.163865327835083,0.12834979853492767,1.1283497985349276,22,True
10,0.05,22,3.407360810268373,3.2433015795246063,0.0052471160888671875,0.9832010269165039,0.050584019623551024,1.050584019623551,23,True
10,0.05,23,3.2912074434620275,2.969813205483201,0.005186557769775391,1.0112786293029785,0.10822035452783113,1.108220354527831,24,True
10,0.05,24,2.8894904099369847,2.7324128189330406,0.00328826904296875,1.1003565788269043,0.057486771367615014,1.057486771367615,25,True
10,0.05,25,3.5693551354692152,3.119401971513942,0.005577802658081055,1.0418598651885986,0.14424340564768479,1.1442434056476847,26,True
10,0.05,26,3.7612613813080165,3.2149167927404543,0.004082202911376953,1.1540982723236084,0.1699405066411837,1.1699405066411837,27,True
10,0.05,27,3.7222124962767156,3.3689427618465944,0.00555419921875,1.2393484115600586,0.10486071132787249,1.1048607113278726,28,True
10,0.05,28,3.117077013367696,2.8452512529222935,0.0034706592559814453,1.0758752822875977,0.09553664554798677,1.0955366455479867,29,True
10,0.05,29,3.477788362833775,2.9570229968406183,0.0030117034912109375,1.0786588191986084,0.17611136827463283,1.176111368274633,30,True
10,0.05,30,3.699793558880735,3.551251022846631,0.005264997482299805,1.317295789718628,0.041828227595985215,1.0418282275959851,31,True
10,0.05,31,3.633198737933962,3.179781050377912,0.004846334457397461,1.0649359226226807,0.14259399637033573,1.1425939963703358,32,True
10,0.05,32,3.3641953446941932,3.1098321699020155,0.0032835006713867188,1.0648212432861328,0.08179321612722021,1.0817932161272201,33,True
10,0.05,33,3.3193002853552795,2.893489484186719,0.0032269954681396484,1.058948278427124,0.14716168954325556,1.1471616895432555,34,True
10,0.05,34,3.13782389106026,2.9006060930482587,0.0032525062561035156,1.057091236114502,0.08178214842081781,1.0817821484208179,35,True
10,0.05,35,3.6368117107961804,3.2249246069700677,0.002985239028930664,1.2872130870819092,0.12771991721477652,1.1277199172147765,36,True
10,0.05,36,3.2006326852179234,2.86728208178176,0.006180524826049805,1.2495102882385254,0.11626013553190967,1.1162601355319097,37,True
10,0.05,37,3.475480794562854,2.815854778903875,0.0062923431396484375,1.4784212112426758,0.23425427355161788,1.234254273551618,38,True
10,0.05,38,3.2583417254245295,2.7791631307410287,0.013966560363769531,1.0721683502197266,0.17241830441084394,1.172418304410844,39,True
10,0.05,39,3.973854090244803,3.5650056871926887,0.0058307647705078125,1.1586744785308838,0.11468380107243738,1.1146838010724374,40,True
10,0.05,40,2.903538671138754,2.6897034045881867,0.005917787551879883,1.2082784175872803,0.07950142985497954,1.0795014298549797,41,True
10,0.05,41,3.5508718948273246,3.0850294716710276,0.0032274723052978516,0.927487850189209,0.15100096366469076,1.1510009636646907,42,True
10,0.05,42,3.0743575541899966,2.832098033674386,0.0035843849182128906,0.9399831295013428,0.08554065489085524,1.0855406548908553,43,True
10,0.05,43,3.4954361644084804,3.2872320379998086,0.0055637359619140625,1.2573108673095703,0.06333721623599117,1.063337216235991,44,True
10,0.05,44,3.4329330946973897,3.0449030567982853,0.0050699710845947266,1.370337724685669,0.1274359251053194,1.1274359251053194,45,True
10,0.05,45,3.3019489448953507,2.9431331423780986,0.005585670471191406,1.4922854900360107,0.12191626581572969,1.1219162658157298,46,True
10,0.05,46,3.4782749988270516,3.0857778426120253,0.003289937973022461,1.1420886516571045,0.1271955326125449,1.127195532612545,47,True
10,0.05,47,3.4321269833790544,2.987671764148507,0.0034461021423339844,0.875680685043335,0.1487630684748993,1.1487630684748993,48,True
10,0.05,48,3.744710856163274,3.058503216397972,0.005020856857299805,1.0818307399749756,0.22436060753058656,1.2243606075305866,49,True
10,0.05,49,3.3279900757836245,2.7194339983118794,0.0051534175872802734,1.2343521118164062,0.2237804182228778,1.2237804182228778,50,True
10,0.05,50,2.860477165523524,2.915524968932637,0.0050182342529296875,0.9981262683868408,0.018880923331370213,0.9811190766686297,51,True
10,0.05,51,3.5087886104187724,3.2760505265156747,0.005334377288818359,1.0056374073028564,0.07104227545312987,1.07104227545313,52,True
10,0.05,52,2.7741276629788882,2.7526504226550355,0.0030972957611083984,0.9239373207092285,0.007802385710546265,1.0078023857105463,53,True
10,0.05,53,3.889871345753483,3.4294549985919396,0.0031142234802246094,0.953021764755249,0.13425350306406716,1.1342535030640672,54,True
10,0.05,54,3.7253758092024323,3.3917869120033597,0.005560159683227539,1.623403787612915,0.0983519619167462,1.0983519619167461,55,True
10,0.05,55,2.979691546827262,2.740617018039128,0.003019571304321289,0.9019589424133301,0.08723383355445577,1.0872338335544558,56,True
10,0.05,56,4.201280815113542,3.8811631105162494,0.0028374195098876953,1.2060179710388184,0.08247983799751,1.08247983799751,57,True
10,0.05,57,4.005151669208355,3.201333949802289,0.0029306411743164062,0.8949465751647949,0.2510883687894258,1.2510883687894259,58,True
10,0.05,58,2.7052506217080783,2.503749099591943,0.0032339096069335938,1.053203821182251,0.08047991795542754,1.0804799179554276,59,True
10,0.05,59,3.2731157419040544,2.8908471161480227,0.003415346145629883,0.9752824306488037,0.13223412044888577,1.1322341204488857,60,True
10,0.05,60,3.571247656252995,3.0305199065529522,0.00311279296875,0.9114675521850586,0.17842738750232814,1.1784273875023281,61,True
10,0.05,61,3.7815067184288553,3.6409208691842836,0.0037763118743896484,0.9450280666351318,0.03861271757770137,1.0386127175777013,62,True
10,0.05,62,3.059918101254074,2.7229968022461546,0.005307197570800781,1.2357325553894043,0.1237318012015287,1.1237318012015287,63,True
10,0.05,63,3.155954178274822,2.5307701564900444,0.0032732486724853516,1.2581615447998047,0.2470331097359915,1.2470331097359915,64,True
10,0.1,0,4.804623872391057,3.90051049399593,0.005930900573730469,1.8380587100982666,0.23179360234688037,1.2317936023468803,65,True
10,0.1,1,5.318128570090155,3.6761379703643025,0.005204677581787109,1.3773844242095947,0.44666185354385185,1.4466618535438518,66,True
10,0.1,2,5.349506159356879,3.588082973630062,0.005101919174194336,1.345104694366455,0.49090926789376493,1.490909267893765,67,True
10,0.1,3,5.359756991068451,3.5800954702155163,0.003408193588256836,1.0010778903961182,0.49709890019938546,1.4970989001993855,68,True
10,0.1,4,4.547987598151833,3.4017270168468627,0.0057086944580078125,1.216705083847046,0.3369643053743521,1.336964305374352,69,True
10,0.1,5,4.790113752185607,3.735259604453816,0.005762815475463867,1.2390494346618652,0.282404507165717,1.282404507165717,70,True
10,0.1,6,5.483058984081847,3.8715105528921017,0.00530242919921875,1.4391279220581055,0.4162583077517079,1.416258307751708,71,True
10,0.1,7,4.78329284940604,3.2453634915084475,0.005906343460083008,1.0593464374542236,0.47388508619192043,1.4738850861919204,72,True
10,0.1,8,5.25486804788023,3.3769645394449914,0.003403902053833008,0.9086294174194336,0.5560921610221806,1.5560921610221807,73,True
10,0.1,9,3.378997197154548,3.811173560642586,0.003055572509765625,0.9494435787200928,0.11339718766708975,0.8866028123329103,74,True
10,0.1,10,5.320567518724471,3.264956074134116,0.003208160400390625,1.0735981464385986,0.6295984993107493,1.6295984993107493,75,True
10,0.1,11,5.594601460281679,3.6873207922279816,0.004901885986328125,1.680173397064209,0.5172537936145409,1.517253793614541,76,True
10,0.1,12,4.640765180189881,3.933224512589554,0.006056070327758789,1.3727457523345947,0.1798881974155339,1.179888197415534,77,True
10,0.1,13,4.260375244080077,3.0544390013175655,0.005045413970947266,0.9040179252624512,0.3948143152449002,1.3948143152449002,78,True
10,0.1,14,4.929257964941838,3.1819567104406596,0.0035886764526367188,1.1379890441894531,0.5491279151497948,1.5491279151497948,79,True
10,0.1,15,4.431070767386666,3.2848921702690568,0.005354881286621094,0.9623894691467285,0.348924268349341,1.348924268349341,80,True
10,0.1,16,5.722020429926308,3.6701307460893324,0.005818843841552734,1.3343148231506348,0.5590780889818011,1.5590780889818012,81,True
10,0.1,17,4.45995105594687,3.6245668454859863,0.005505084991455078,1.278301477432251,0.23047835674523862,1.2304783567452386,82,True
10,0.1,18,4.114092502923521,3.4022000649153274,0.005301952362060547,1.5866827964782715,0.2092447311812954,1.2092447311812955,83,True
10,0.1,19,4.176416819391648,3.9928482586067644,0.003293752670288086,1.0012633800506592,0.04597433934264688,1.0459743393426468,84,True
10,0.1,20,4.576932012436143,3.152156065173328,0.004801034927368164,1.2890362739562988,0.4520004459818746,1.4520004459818747,85,True
10,0.1,21,4.438537125275616,3.676880821065072,0.0031223297119140625,0.884394645690918,0.20714740054857608,1.207147400548576,86,True
10,0.1,22,4.992315353959403,4.093436085192449,0.005354404449462891,1.0993099212646484,0.21959040035303093,1.219590400353031,87,True
10,0.1,23,4.509853337630438,3.6917815193727255,0.005334377288818359,1.4876112937927246,0.2215926955495221,1.221592695549522,88,True
10,0.1,24,4.917627078807057,3.1104968956299714,0.006150245666503906,1.154832363128662,0.5809779735565646,1.5809779735565646,89,True
10,0.1,25,4.955551585257222,3.5224520864934163,0.003433704376220703,1.2283539772033691,0.4068471234169289,1.4068471234169289,90,True
10,0.1,26,5.27103263152545,3.764074572441318,0.0040891170501708984,1.134199857711792,0.4003528702957506,1.4003528702957506,91,True
10,0.1,27,4.722148666271156,3.557157672313846,0.003113269805908203,1.3000178337097168,0.3275061443086135,1.3275061443086136,92,True
10,0.1,28,5.593931104064545,3.717222346003977,0.005256175994873047,1.5247786045074463,0.5048685774952457,1.5048685774952457,93,True
10,0.1,29,4.699645293060501,3.3686679263778805,0.0032804012298583984,1.2155299186706543,0.39510494823802284,1.395104948238023,94,True
10,0.1,30,4.701558551184291,3.470476507986306,0.005497932434082031,1.5100131034851074,0.3547299745049426,1.3547299745049426,95,True
10,0.1,31,5.309158267386761,3.6284625521146894,0.0036058425903320312,1.422736406326294,0.4631977569377289,1.4631977569377288,96,True
10,0.1,32,4.772634403114261,3.7723614207216025,0.004820585250854492,1.254702091217041,0.2651583108919929,1.2651583108919928,97,True
10,0.1,33,5.420219833233125,3.7443101085077495,0.005173444747924805,1.5660252571105957,0.4475883877559728,1.4475883877559728,98,True
10,0.1,34,4.9214613868793995,3.923585357911536,0.00319671630859375,1.0583271980285645,0.2543275952836712,1.2543275952836712,99,True
10,0.1,35,4.2376815002419095,3.621933280663125,0.0031719207763671875,1.059283971786499,0.1700054009459969,1.1700054009459968,100,True
10,0.1,36,5.235925969752917,3.5381926477044883,0.005589485168457031,1.3217003345489502,0.479830662456971,1.479830662456971,101,True
10,0.1,37,5.3248384253638585,3.299984275750855,0.0049288272857666016,1.241818904876709,0.6135950902833568,1.613595090283357,102,True
10,0.1,38,4.457323361931287,3.2739651393449805,0.0055179595947265625,1.7072851657867432,0.36144496725553416,1.3614449672555342,103,True
10,0.1,39,4.575521987496907,3.653836631364583,0.0034804344177246094,1.2486696243286133,0.2522513864524112,1.2522513864524112,104,True
10,0.1,40,4.840471069301585,3.5113345638359634,0.0037293434143066406,1.1977612972259521,0.37852744627490126,1.3785274462749013,105,True
10,0.1,41,5.133415442138026,3.807112089165467,0.005506992340087891,1.312570333480835,0.3483751783266485,1.3483751783266484,106,True
10,0.1,42,5.315355526240333,3.8096485266850695,0.00319671630859375,0.897162675857544,0.395235148074261,1.395235148074261,107,True
10,0.1,43,4.5640354040533,3.3548910674283414,0.0032761096954345703,1.0576372146606445,0.3604123985914738,1.3604123985914738,108,True
10,0.1,44,5.140578663351776,3.6641852081188304,0.003006458282470703,1.4782772064208984,0.40292544491519205,1.402925444915192,109,True
10,0.1,45,4.97334779992799,3.653778367468367,0.003831624984741211,1.0405898094177246,0.36115201847175193,1.3611520184717518,110,True
10,0.1,46,5.764368954017813,3.143013028036814,0.004990100860595703,1.1112480163574219,0.8340264270614075,1.8340264270614075,111,True
10,0.1,47,4.9344328277848994,3.7319942384993157,0.002896547317504883,1.0389511585235596,0.32219733269714274,1.3221973326971428,112,True
10,0.1,48,5.109522199346317,3.3267775654654423,0.0030364990234375,1.0490360260009766,0.5358773163517637,1.5358773163517636,113,True
10,0.1,49,4.171299183789854,2.9827282897061607,0.003183126449584961,1.075150966644287,0.39848446745405147,1.3984844674540515,114,True
10,0.1,50,5.610265007683815,3.6727047416137295,0.0035088062286376953,1.5158753395080566,0.5275567741987209,1.5275567741987208,115,True
10,0.1,51,5.4176624543798955,4.137305105598127,0.002866029739379883,1.1248633861541748,0.30946650442804796,1.309466504428048,116,True
10,0.1,52,3.81985510671295,3.1163620465297344,0.0030052661895751953,1.2629683017730713,0.22574176224697626,1.2257417622469762,117,True
10,0.1,53,3.6817226223725688,3.4840258293817663,0.003622293472290039,0.9914987087249756,0.05674377937257812,1.056743779372578,118,True
10,0.1,54,5.030624263131708,3.70347730233659,0.003323078155517578,1.2293806076049805,0.35835158486263635,1.3583515848626364,119,True
10,0.1,55,5.707169078283394,3.445450657648143,0.005461692810058594,1.2968213558197021,0.6564361662282794,1.6564361662282794,120,True
10,0.1,56,4.480710546539667,3.4599216543653224,0.003670215606689453,1.1998958587646484,0.29503237187074255,1.2950323718707426,121,True
10,0.1,57,4.9163094813442445,3.41834837792128,0.003309011459350586,1.078160047531128,0.43821194852406603,1.438211948524066,122,True
10,0.1,58,5.180208871037798,3.6434946119548477,0.003671884536743164,1.5009000301361084,0.4217693238905204,1.4217693238905205,123,True
10,0.1,59,4.840634891294577,3.556761830407257,0.0029382705688476562,1.362379550933838,0.3609668350327281,1.3609668350327282,124,True
10,0.1,60,4.122046100796307,3.399370214022774,0.002996206283569336,1.1231560707092285,0.21259110990395114,1.2125911099039512,125,True
10,0.1,61,4.537172368633165,4.188246690252685,0.005822181701660156,1.2332897186279297,0.08331067966758873,1.0833106796675886,126,True
10,0.1,62,4.719936218933495,3.4515788491850756,0.005121469497680664,1.657947301864624,0.3674716485320569,1.3674716485320568,127,True
10,0.1,63,4.08858340728325,3.541297513593079,0.003118276596069336,1.006976842880249,0.15454389008250324,1.1545438900825031,128,True
10,0.2,0,8.735039298218767,5.208598791681815,0.004744768142700195,1.9074549674987793,0.6770420697729137,1.6770420697729136,129,True
10,0.2,1,7.083389914054188,5.773463018542298,0.0030574798583984375,1.5222809314727783,0.22688755280927128,1.2268875528092713,130,True
10,0.2,2,9.255958480793868,4.633509246554755,0.0028972625732421875,1.535982370376587,0.9976130376077558,1.9976130376077557,131,True
10,0.2,3,9.549421771749344,4.964981252928338,0.0033299922943115234,1.4440460205078125,0.9233550511630051,1.923355051163005,132,True
10,0.2,4,9.202698982069911,5.862885346164853,0.0033235549926757812,1.9758703708648682,0.569653581591829,1.569653581591829,133,True
10,0.2,5,9.393039051919205,5.558066040258248,0.003322601318359375,1.5049941539764404,0.6899833474239847,1.6899833474239847,134,True
10,0.2,6,8.406462470584211,5.46049515096833,0.0031366348266601562,1.5356156826019287,0.5395055280093897,1.5395055280093897,135,True
10,0.2,7,5.162822747679298,4.7427044170263795,0.0036902427673339844,1.5183193683624268,0.08858201855141715,1.0885820185514172,136,True
10,0.2,8,9.911665187617274,4.81181994629132,0.0056416988372802734,1.7078890800476074,1.059857870462636,2.0598578704626362,137,True
10,0.2,9,9.203723555867553,5.1873308891927215,0.005021572113037109,1.3533897399902344,0.774269610416135,1.774269610416135,138,True
10,0.2,10,9.17305886038234,5.298642885179881,0.0055773258209228516,1.626246690750122,0.7312091150809703,1.7312091150809703,139,True
10,0.2,11,8.563533662381062,5.576049206971153,0.005712032318115234,1.3663270473480225,0.535770819897889,1.535770819897889,140,True
10,0.2,12,8.493761474939506,6.003786709399023,0.003758668899536133,2.023057222366333,0.4147340480371143,1.4147340480371142,141,True
10,0.2,13,8.106704528586043,5.05679940435144,0.005072116851806641,1.6400783061981201,0.6031295450656241,1.603129545065624,142,True
10,0.2,14,9.813390919145812,5.075593346307451,0.00574946403503418,1.754091739654541,0.9334470375340768,1.9334470375340767,143,True
10,0.2,15,8.494957956313064,5.281064558845552,0.005922794342041016,2.7782678604125977,0.6085692310055898,1.60856923100559,144,True
10,0.2,16,9.471331905569617,5.489746743093992,0.003760099411010742,1.479788064956665,0.7252766564294412,1.7252766564294413,145,True
10,0.2,17,7.2546401620875365,4.93442158199532,0.0034825801849365234,1.7323737144470215,0.4702108527893548,1.4702108527893547,146,True
10,0.2,18,6.202175912711287,5.1537276410632185,0.0032987594604492188,1.2782018184661865,0.20343493965307277,1.2034349396530728,147,True
10,0.2,19,8.439176673097274,5.352229247438918,0.0038061141967773438,1.621117353439331,0.5767591937762164,1.5767591937762164,148,True
10,0.2,20,7.438442907103199,5.999728921256517,0.006107330322265625,2.191466808319092,0.2397964982633539,1.2397964982633538,149,True
10,0.2,21,8.419787110481185,5.827559791849879,0.005430459976196289,1.618525505065918,0.4448220886994003,1.4448220886994003,150,True
10,0.2,22,9.919250774671397,5.023227078512464,0.0034723281860351562,1.653134822845459,0.9746769595789007,1.9746769595789007,151,True
10,0.2,23,9.811406031164262,5.343151710509053,0.0030510425567626953,1.7205390930175781,0.836258179206652,1.836258179206652,152,True
10,0.2,24,9.152364760281026,4.989980909026208,0.003321409225463867,1.8839771747589111,0.8341482516948355,1.8341482516948355,153,True
10,0.2,25,8.571801687935263,4.5203693210023275,0.0034449100494384766,1.4705610275268555,0.8962613625637537,1.8962613625637537,154,True
10,0.2,26,9.085563639379298,5.352084707960737,0.003238201141357422,1.5412473678588867,0.6975747087607476,1.6975747087607476,155,True
10,0.2,27,9.33263179385969,5.4619401211807705,0.005442380905151367,1.6268165111541748,0.7086660759367951,1.708666075936795,156,True
10,0.2,28,8.678820330746444,5.14674234018828,0.005204439163208008,1.9948034286499023,0.6862744930862329,1.6862744930862328,157,True
10,0.2,29,8.582512504034721,6.460387879667349,0.005704641342163086,1.4202220439910889,0.32848254066080046,1.3284825406608005,158,True
10,0.2,30,9.400352667586995,4.904177134032553,0.005713939666748047,1.6979098320007324,0.9168052887717326,1.9168052887717326,159,True
10,0.2,31,8.960036864625431,4.9841172754610366,0.0037670135498046875,1.9447667598724365,0.7977179045805293,1.7977179045805294,160,True
10,0.2,32,9.408266868141805,4.914960220691678,0.00327301025390625,1.472214698791504,0.9142101758084601,1.9142101758084602,161,True
10,0.2,33,9.190026302384629,5.461588504117647,0.002984285354614258,1.7376213073730469,0.6826654544654923,1.6826654544654922,162,True
10,0.2,34,8.33206935146625,5.554848957189859,0.005463600158691406,1.88071608543396,0.49996326014980597,1.499963260149806,163,True
10,0.2,35,9.315351897295214,4.924219886488569,0.003298521041870117,1.4027671813964844,0.891741658989549,1.891741658989549,164,True
10,0.2,36,9.5321779445134,5.78879366933003,0.005112171173095703,1.911247968673706,0.6466605115011145,1.6466605115011144,165,True
10,0.2,37,10.08889697903154,4.902570008852579,0.005289793014526367,1.4607150554656982,1.0578792267757526,2.0578792267757526,166,True
10,0.2,38,8.608559112606311,5.143911131030244,0.003091573715209961,2.4224793910980225,0.6735435145206627,1.6735435145206627,167,True
10,0.2,39,7.951601041403413,4.899745776622898,0.00560307502746582,2.2392666339874268,0.6228599204761144,1.6228599204761145,168,True
10,0.2,40,8.22820183168715,5.313258978312887,0.0035593509674072266,1.5943973064422607,0.5486167463833734,1.5486167463833733,169,True
10,0.2,41,9.490278484393919,5.230869247226056,0.005036354064941406,1.898733139038086,0.8142832550109409,1.814283255010941,170,True
10,0.2,42,9.19447204229136,5.915988206842991,0.004048585891723633,1.867767333984375,0.5541734906868417,1.5541734906868416,171,True
10,0.2,43,8.64391474213617,5.708461598231567,0.00626826286315918,2.0327441692352295,0.5142284122247545,1.5142284122247545,172,True
10,0.2,44,8.601087201331481,5.221625769485119,0.004290342330932617,1.6719305515289307,0.6472048325630192,1.647204832563019,173,True
10,0.2,45,7.495404179590037,5.1619393455141145,0.005606412887573242,1.326784372329712,0.45205196688406957,1.4520519668840697,174,True
10,0.2,46,9.757122622753476,5.48581075077766,0.003397226333618164,1.968254804611206,0.7786108682969644,1.7786108682969644,175,True
10,0.2,47,9.369644022887453,6.349454282014799,0.0054242610931396484,1.7695608139038086,0.47566130989044497,1.475661309890445,176,True
10,0.2,48,9.148575871814078,4.667325277328336,0.0054950714111328125,1.9585134983062744,0.9601324802137838,1.9601324802137838,177,True
10,0.2,49,7.385674629883683,5.0839752964644,0.005948543548583984,1.4571716785430908,0.45273613642851024,1.4527361364285103,178,True
10,0.2,50,8.014312909259974,4.964941081484797,0.005653858184814453,2.267510175704956,0.6141808689627477,1.6141808689627477,179,True
10,0.2,51,9.17923994249629,4.677533939527007,0.0030832290649414062,1.5694615840911865,0.9624101206253346,1.9624101206253346,180,True
10,0.2,52,8.643010881321285,4.852520575764859,0.005338191986083984,1.5337183475494385,0.7811384303010327,1.7811384303010327,181,True
10,0.2,53,8.52304099235337,5.231654764414019,0.0029261112213134766,1.6060221195220947,0.6291290951244578,1.6291290951244577,182,True
10,0.2,54,7.871108376279315,4.835979463886439,0.0029408931732177734,1.5371973514556885,0.6276141028013573,1.6276141028013573,183,True
10,0.2,55,8.676067157985281,5.081600695154205,0.0053958892822265625,1.6959741115570068,0.7073492543911893,1.7073492543911892,184,True
10,0.2,56,9.395784711143111,5.183952033607419,0.0031113624572753906,1.9249958992004395,0.8124752409417558,1.812475240941756,185,True
10,0.2,57,7.949838295665139,4.7099059156859235,0.005811214447021484,1.6743919849395752,0.6878974735331567,1.6878974735331567,186,True
10,0.2,58,9.174720511737982,5.345715125639652,0.0059070587158203125,2.0106403827667236,0.7162756144137336,1.7162756144137337,187,True
10,0.2,59,7.778279428851887,5.218274552777659,0.003781557083129883,1.645606517791748,0.49058455054105016,1.4905845505410502,188,True
10,0.2,60,8.838441231106072,6.1541215776849585,0.0038442611694335938,1.895322322845459,0.4361824217374162,1.4361824217374162,189,True
10,0.2,61,9.062709217346757,5.687703150723139,0.006609916687011719,2.2887284755706787,0.5933864650082025,1.5933864650082024,190,True
10,0.2,62,7.984164730678611,6.310485696228645,0.005242824554443359,1.5687954425811768,0.26522190446453453,1.2652219044645345,191,True
10,0.2,63,9.71578716767097,6.0617725624604,0.005033016204833984,1.7086424827575684,0.6027963879475294,1.6027963879475293,192,True
15,0.05,0,4.277272275667867,3.3268345638141796,0.008505582809448242,2.104935884475708,0.28568830028146064,1.2856883002814607,193,True
15,0.05,1,4.630657491052301,4.181055015371622,0.011719942092895508,2.7168729305267334,0.10753325991351913,1.107533259913519,194,True
15,0.05,2,4.4264089334277,3.8369579805940166,0.00969839096069336,2.269848108291626,0.15362455252700677,1.1536245525270068,195,True
15,0.05,3,4.617152450485197,3.7484004632754573,0.00864553451538086,2.523282766342163,0.2317660548069081,1.231766054806908,196,True
15,0.05,4,4.127076518282889,3.6064790840833836,0.010019540786743164,1.904085636138916,0.1443506040273681,1.144350604027368,197,True
15,0.05,5,4.078230518730557,3.325289202595864,0.009828567504882812,2.492138147354126,0.2264288217538837,1.2264288217538837,198,True
15,0.05,6,4.534448554457893,4.3231357772907435,0.012953042984008789,2.7679343223571777,0.048879514327809716,1.0488795143278098,199,True
15,0.05,7,4.457598444274068,3.680855620114296,0.00587916374206543,2.967942476272583,0.21102235575750536,1.2110223557575053,200,True
15,0.05,8,4.0226534727383845,3.8919828957072164,0.005154609680175781,2.286522626876831,0.03357429375532334,1.0335742937553234,201,True
15,0.05,9,4.33368644009425,3.9974069664516922,0.009384870529174805,1.8086438179016113,0.08412440276028665,1.0841244027602865,202,True
15,0.05,10,4.648069166554128,3.796963027152748,0.005734920501708984,2.4873385429382324,0.2241544448326126,1.2241544448326125,203,True
15,0.05,11,4.5577230069616,3.870266049836189,0.006226539611816406,3.1646273136138916,0.17762524546717104,1.177625245467171,204,True
15,0.05,12,4.2780040879284735,3.7200303323348853,0.009493589401245117,2.46337628364563,0.14999172204151753,1.1499917220415175,205,True
15,0.05,13,3.8363110259044206,3.2123527851432008,0.010437965393066406,2.3813295364379883,0.19423714719222687,1.1942371471922268,206,True
15,0.05,14,4.247390699020673,3.9530901265228606,0.009736061096191406,2.35060977935791,0.07444823241525204,1.074448232415252,207,True
15,0.05,15,4.575376246024585,3.6142615311826947,0.005699634552001953,2.523439884185791,0.2659228466312411,1.265922846631241,208,True
15,0.05,16,4.355071778106455,3.971861740101847,0.008963346481323242,2.359365940093994,0.09648121286185105,1.096481212861851,209,True
15,0.05,17,4.676783770101444,3.6325342348703034,0.009298086166381836,2.1286027431488037,0.2874713540775274,1.2874713540775273,210,True
15,0.05,18,4.023494916636044,3.517545457171308,0.008385181427001953,2.6052699089050293,0.14383594060831367,1.1438359406083136,211,True
15,0.05,19,4.7493027021428365,4.158023112915282,0.004995584487915039,1.9859492778778076,0.14220209295878486,1.1422020929587848,212,True
15,0.05,20,4.64499738346813,3.949261522298215,0.008068084716796875,2.466503620147705,0.1761685968988557,1.1761685968988558,213,True
15,0.05,21,3.95487461013456,3.4579027946400425,0.0076482295989990234,2.374664783477783,0.14372058586055506,1.143720585860555,214,True
15,0.05,22,3.8931748082734643,3.598187927230475,0.005455732345581055,2.7600014209747314,0.08198206625356581,1.0819820662535657,215,True
15,0.05,23,4.187375427965884,3.521765484206054,0.009701251983642578,2.77388596534729,0.1889989400898127,1.1889989400898127,216,True
15,0.05,24,4.513302561604404,3.7996886455006766,0.008937597274780273,3.1045567989349365,0.1878085239822844,1.1878085239822844,217,True
15,0.05,25,5.005017910894408,4.125215588981558,0.009466886520385742,2.760561227798462,0.21327426480758993,1.21327426480759,218,True
15,0.05,26,4.365068385100933,3.5619878399197664,0.004668712615966797,1.9332609176635742,0.22545853081835796,1.2254585308183579,219,True
15,0.05,27,4.86783297968753,3.497541620289509,0.009269237518310547,2.912838935852051,0.39178700589261184,1.3917870058926118,220,True
15,0.05,28,5.291715303656379,4.2785669267779,0.00622105598449707,3.2062270641326904,0.23679619700175164,1.2367961970017516,221,True
15,0.05,29,4.436863167038975,3.6973882984782693,0.005212068557739258,2.6575677394866943,0.19999924510635006,1.1999992451063501,222,True
15,0.05,30,5.027914548132241,4.141744764453085,0.00518488883972168,2.203066349029541,0.21396050072539277,1.2139605007253929,223,True
15,0.05,31,3.4355108036707183,3.1312156064467502,0.012640237808227539,2.412431001663208,0.09718117034083035,1.0971811703408303,224,True
15,0.05,32,3.874280497581666,3.6919699759887563,0.005593776702880859,2.0033493041992188,0.049380282824235164,1.0493802828242351,225,True
15,0.05,33,4.2961454079473835,3.7949780401869413,0.00915670394897461,2.4163007736206055,0.13206067662403512,1.132060676624035,226,True
15,0.05,34,5.028532319603174,3.9961097715737792,0.009408235549926758,2.256448984146118,0.2583569038502159,1.2583569038502158,227,True
15,0.05,35,4.846072128882762,3.786853921329912,0.011647701263427734,2.8001132011413574,0.27970928627235264,1.2797092862723527,228,True
15,0.05,36,3.962864774667663,3.4601950128704653,0.009965658187866211,2.8355467319488525,0.1452720901358098,1.1452720901358098,229,True
15,0.05,37,4.090247365100146,3.364876856570957,0.00865030288696289,2.040112018585205,0.21557119010542103,1.215571190105421,230,True
15,0.05,38,5.059001072582377,3.9832055403392017,0.005658864974975586,2.9061996936798096,0.2700828569724179,1.2700828569724179,231,True
15,0.05,39,4.019304552564338,3.299927347970333,0.0050928592681884766,2.449549436569214,0.2179978916919091,1.2179978916919092,232,True
15,0.05,40,4.1368664741082295,3.485061062451186,0.009798526763916016,2.3671350479125977,0.18702840494811937,1.1870284049481195,233,True
15,0.05,41,4.356148764426843,3.8422223591981695,0.005789518356323242,1.8508145809173584,0.13375759057732522,1.1337575905773252,234,True
15,0.05,42,4.513682088313023,4.075814350644269,0.005716085433959961,2.3024117946624756,0.10743073653478355,1.1074307365347835,235,True
15,0.05,43,4.9451628790604145,3.6088661844460233,0.008075475692749023,2.338170051574707,0.3702815860487547,1.3702815860487547,236,True
15,0.05,44,4.301707424713471,3.716976759240614,0.005608558654785156,2.6213340759277344,0.15731351131512547,1.1573135113151254,237,True
15,0.05,45,4.8683408112247815,4.185489643096134,0.00824737548828125,2.1965818405151367,0.1631472602626061,1.163147260262606,238,True
15,0.05,46,4.260343183693082,3.540043612829544,0.008327007293701172,2.8326454162597656,0.20347194827009638,1.2034719482700964,239,True
15,0.05,47,4.197912872142076,3.4156595947562507,0.009926557540893555,2.2710940837860107,0.22901968292939598,1.229019682929396,240,True
15,0.05,48,3.9004351231335486,3.540186404695449,0.0058286190032958984,2.3783888816833496,0.10175981636455401,1.1017598163645541,241,True
15,0.05,49,4.382162442363214,3.2956692923686206,0.00561070442199707,1.9456169605255127,0.3296729900995991,1.3296729900995992,242,True
15,0.05,50,3.9312151025719477,3.4577120164620387,0.0065538883209228516,2.5919384956359863,0.13694115757922531,1.1369411575792254,243,True
15,0.05,51,3.921739093759096,3.8599378538602322,0.009952306747436523,2.8890042304992676,0.016010941688363693,1.0160109416883636,244,True
15,0.05,52,4.128988806171895,3.8595633312000235,0.008080244064331055,1.7330875396728516,0.06980724290592255,1.0698072429059224,245,True
15,0.05,53,4.6727141452419785,3.632576325331894,0.009350299835205078,3.1452252864837646,0.2863361225631098,1.2863361225631098,246,True
15,0.05,54,4.131895511537136,3.611163914619245,0.008653879165649414,3.48175311088562,0.1442004874965074,1.1442004874965075,247,True
15,0.05,55,4.108218896500468,3.500856163190621,0.0059092044830322266,2.276655912399292,0.1734897707868998,1.1734897707868999,248,True
15,0.05,56,4.234506071798841,3.4829329898900263,0.006787538528442383,2.30902099609375,0.2157874079376261,1.215787407937626,249,True
15,0.05,57,4.162592244490084,3.2199519335733493,0.010104894638061523,2.3539235591888428,0.2927498081844463,1.2927498081844462,250,True
15,0.05,58,4.748773558605238,4.089839508442782,0.0053234100341796875,2.1654186248779297,0.16111489186854372,1.1611148918685437,251,True
15,0.05,59,4.955813049575181,4.260166547285145,0.005477190017700195,2.455125570297241,0.16329091704955698,1.163290917049557,252,True
15,0.05,60,4.112597535716911,3.674302060003288,0.00876617431640625,2.6201469898223877,0.11928672944032005,1.1192867294403201,253,True
15,0.05,61,4.355512814174647,3.58295384765717,0.004698276519775391,2.0777063369750977,0.21562068599422216,1.2156206859942222,254,True
15,0.05,62,4.626880127268353,3.5726522753158587,0.005465507507324219,2.2961249351501465,0.2950826922721691,1.2950826922721692,255,True
15,0.05,63,3.947836363050139,3.594645400875657,0.006211042404174805,2.420973777770996,0.09825474359402586,1.0982547435940258,256,True
15,0.1,0,7.977867209415852,4.730542698025337,0.009153127670288086,3.21451473236084,0.6864591905588423,1.6864591905588422,257,True
15,0.1,1,6.76741249720965,4.418312514828139,0.009489297866821289,3.3429434299468994,0.5316735686979547,1.5316735686979546,258,True
15,0.1,2,7.537768954176854,4.586896525956604,0.005577564239501953,3.0795516967773438,0.6433265741927416,1.6433265741927416,259,True
15,0.1,3,6.846743616318275,5.633647580916602,0.008135795593261719,2.733896255493164,0.21533047958322954,1.2153304795832296,260,True
15,0.1,4,6.57736038971997,4.526781558159246,0.009591817855834961,2.6386301517486572,0.4529882445652103,1.4529882445652103,261,True
15,0.1,5,7.707847780139705,5.09897375087219,0.0062220096588134766,2.8440768718719482,0.5116468836148179,1.5116468836148178,262,True
15,0.1,6,8.308348042155096,5.1804482700672025,0.00938725471496582,3.475098133087158,0.6037894037396337,1.6037894037396339,263,True
15,0.1,7,5.850289490558348,4.318243668090528,0.009435653686523438,3.4515228271484375,0.3547844772606987,1.3547844772606987,264,True
15,0.1,8,6.429641178753094,5.050289975232758,0.010426044464111328,3.814788818359375,0.27312316922094454,1.2731231692209446,265,True
15,0.1,9,6.539306737451799,4.7434498013014785,0.010754823684692383,2.60009503364563,0.3785972259383001,1.3785972259383001,266,True
15,0.1,10,5.958621076220032,4.252979487273506,0.008167266845703125,2.840855121612549,0.40104627686318245,1.4010462768631824,267,True
15,0.1,11,7.227552652765083,5.169500399139126,0.01170969009399414,2.8219730854034424,0.3981143427261719,1.398114342726172,268,True
15,0.1,12,5.942797861523639,4.212771726984814,0.009371519088745117,1.8489458560943604,0.4106622068927167,1.4106622068927166,269,True
15,0.1,13,5.50450473268526,4.926909876310103,0.010123491287231445,3.1840593814849854,0.11723268151349532,1.1172326815134954,270,True
15,0.1,14,7.241306985648553,4.78114427749258,0.006186008453369141,2.7185490131378174,0.5145552121774033,1.5145552121774033,271,True
15,0.1,15,7.70995581396196,4.629045935547684,0.005614757537841797,2.7660441398620605,0.6655604462153082,1.6655604462153082,272,True
15,0.1,16,6.934837683501549,4.996148473819151,0.0054738521575927734,2.338069200515747,0.38803674867581084,1.388036748675811,273,True
15,0.1,17,7.459670570951964,4.990947185807958,0.005095720291137695,4.643235683441162,0.4946402542916025,1.4946402542916026,274,True
15,0.1,18,7.881688898396146,4.744481748876583,0.005471706390380859,1.78275728225708,0.6612328417666278,1.6612328417666278,275,True
15,0.1,19,7.02867806907099,5.037596086697432,0.005880832672119141,2.9999282360076904,0.3952444674219365,1.3952444674219364,276,True
15,0.1,20,7.624532962665992,4.156586676221994,0.004729270935058594,3.4085662364959717,0.834325507099995,1.834325507099995,277,True
15,0.1,21,7.042718400296398,4.181609129680492,0.005514383316040039,3.045799732208252,0.6842125081247172,1.6842125081247172,278,True
15,0.1,22,6.203147848170485,4.986135450676643,0.005435943603515625,2.606290340423584,0.24407928936801912,1.244079289368019,279,True
15,0.1,23,6.549083697910115,4.228734893152127,0.005696296691894531,3.4264369010925293,0.5487099246905934,1.5487099246905935,280,True
15,0.1,24,6.452609446048729,4.17937524867925,0.005875349044799805,3.64387845993042,0.5439172273625964,1.5439172273625963,281,True
15,0.1,25,6.50054046899778,4.461066242267858,0.0055735111236572266,3.1321797370910645,0.4571719216823647,1.4571719216823646,282,True
15,0.1,26,6.998898052847009,4.280112493467947,0.00763392448425293,2.581650972366333,0.6352135752339011,1.635213575233901,283,True
15,0.1,27,6.328028186919879,4.642553707263403,0.00938868522644043,3.0655879974365234,0.363048999738981,1.363048999738981,284,True
15,0.1,28,6.275599752141874,3.782856015918635,0.008897781372070312,3.8660507202148438,0.6589581326208359,1.6589581326208358,285,True
15,0.1,29,7.129380062161815,4.7557794363637695,0.005606412887573242,3.079617738723755,0.49909813050810464,1.4990981305081046,286,True
15,0.1,30,7.293957778312901,5.490177647455481,0.005244731903076172,2.871530771255493,0.32854676964659113,1.3285467696465911,287,True
15,0.1,31,7.487529199687483,4.512376063646462,0.005755901336669922,2.5193846225738525,0.6593318229856916,1.6593318229856915,288,True
15,0.1,32,6.543598684007148,4.558150272146381,0.012516498565673828,2.8215882778167725,0.4355820438815506,1.4355820438815505,289,True
15,0.1,33,7.274933825014722,4.8155880107685425,0.005341053009033203,3.9546003341674805,0.5107051950346726,1.5107051950346726,290,True
15,0.1,34,7.358951717631407,4.380071284847649,0.006153583526611328,3.2395620346069336,0.6800986191911651,1.680098619191165,291,True
15,0.1,35,5.18146325187651,4.6351596535952755,0.005981922149658203,2.3445589542388916,0.1178607942571066,1.1178607942571066,292,True
15,0.1,36,7.042159763324773,4.538663914104234,0.012044191360473633,2.9684269428253174,0.5515931332656602,1.55159313326566,293,True
15,0.1,37,6.078511297588205,4.552767038562026,0.005600929260253906,2.9072444438934326,0.33512460578437153,1.3351246057843715,294,True
15,0.1,38,6.76050271730199,4.135807135506689,0.0071735382080078125,2.979370594024658,0.6346271709001591,1.634627170900159,295,True
15,0.1,39,7.585634684491468,5.203449571118138,0.00603938102722168,3.0502889156341553,0.45780882101667736,1.4578088210166773,296,True
15,0.1,40,6.922024340118422,5.21755200032154,0.008214950561523438,2.21345853805542,0.32668047001579315,1.326680470015793,297,True
15,0.1,41,7.389131401100781,4.247175984027183,0.0054988861083984375,2.5979504585266113,0.7397751891821511,1.7397751891821511,298,True
15,0.1,42,7.544723764673163,4.078972491911487,0.005079984664916992,3.8375518321990967,0.8496628206329376,1.8496628206329377,299,True
15,0.1,43,7.214629092656175,4.16926151993843,0.009708166122436523,4.265763282775879,0.7304333292968195,1.7304333292968195,300,True
15,0.1,44,6.537616876561002,4.726452958349506,0.005222797393798828,3.2219674587249756,0.3831972801108681,1.383197280110868,301,True
15,0.1,45,6.811337083733754,4.214704798020897,0.009124755859375,3.315403461456299,0.6160887678140972,1.6160887678140972,302,True
15,0.1,46,7.480894947276035,4.365315854826319,0.008992671966552734,2.6499319076538086,0.7137121793844798,1.7137121793844798,303,True
15,0.1,47,7.209964705090182,4.317781613790281,0.005547046661376953,2.9033989906311035,0.6698307950691036,1.6698307950691036,304,True
15,0.1,48,7.45992431288272,4.927031148114664,0.009266853332519531,4.016708135604858,0.514081013215691,1.514081013215691,305,True
15,0.1,49,7.023041754843283,4.917827054427951,0.005826473236083984,1.7893335819244385,0.42807822990030175,1.4280782299003016,306,True
15,0.1,50,7.170134267718248,4.000134285491422,0.01018834114074707,2.8185479640960693,0.7924733911370146,1.7924733911370145,307,True
15,0.1,51,7.059565185189123,4.578319339476114,0.009443521499633789,3.429741621017456,0.5419556089761383,1.5419556089761381,308,True
15,0.1,52,7.163803223281126,4.805952187216854,0.004742145538330078,2.741895914077759,0.4906105895801083,1.4906105895801083,309,True
15,0.1,53,6.5332882127509055,4.757979306409619,0.005038261413574219,2.9203948974609375,0.37312245220354645,1.3731224522035466,310,True
15,0.1,54,6.456540703218416,3.9929989540899156,0.005785226821899414,3.2480270862579346,0.6169652878584315,1.6169652878584315,311,True
15,0.1,55,6.246098000966814,4.696840757524759,0.005240917205810547,2.784086227416992,0.32985091967616875,1.3298509196761688,312,True
15,0.1,56,6.607837286670913,4.529229731031706,0.0051593780517578125,2.35683012008667,0.4589318005659483,1.4589318005659482,313,True
15,0.1,57,6.7589374417497154,4.302835503482919,0.0052378177642822266,3.046243667602539,0.5708100940132874,1.5708100940132874,314,True
15,0.1,58,7.078980936464848,4.732025573282876,0.011704683303833008,3.033665657043457,0.4959726710761952,1.4959726710761951,315,True
15,0.1,59,7.86789707254239,4.452722409239708,0.005205392837524414,3.7515931129455566,0.7669857559986126,1.7669857559986126,316,True
15,0.1,60,7.258681843207307,4.7941849838674955,0.0059070587158203125,3.9295287132263184,0.5140596092209375,1.5140596092209375,317,True
15,0.1,61,7.294460799694425,4.828827437693655,0.009348392486572266,2.632275104522705,0.5106070560223636,1.5106070560223634,318,True
15,0.1,62,6.951040885071638,4.6740248645808595,0.007618904113769531,2.3371541500091553,0.48716386550394797,1.487163865503948,319,True
15,0.1,63,7.398350803715818,4.889685885667925,0.009258747100830078,3.2058451175689697,0.5130523671062386,1.5130523671062386,320,True
15,0.2,0,12.291005596107182,7.6515768212228945,0.008571624755859375,4.621358394622803,0.6063362994691598,1.60633629946916,321,True
15,0.2,1,12.704352934527382,7.374522915213504,0.009979963302612305,3.1994123458862305,0.7227355695537317,1.7227355695537316,322,True
15,0.2,2,10.267223178063473,7.589289279424344,0.005176544189453125,3.558612585067749,0.3528570067686566,1.3528570067686565,323,True
15,0.2,3,14.22016128980842,6.299133265145437,0.005944013595581055,4.182072401046753,1.257479035805111,2.257479035805111,324,True
15,0.2,4,12.619569064113586,6.721014051475094,0.005623817443847656,6.224274635314941,0.877628727966118,1.8776287279661181,325,True
15,0.2,5,12.862923218025008,7.4490983352161955,0.008726358413696289,4.310605525970459,0.7267758645653168,1.7267758645653168,326,True
15,0.2,6,10.694660080233538,6.453424622572654,0.008359670639038086,5.171780824661255,0.6572069413851955,1.6572069413851955,327,True
15,0.2,7,13.724604255404593,7.205542850900058,0.005999326705932617,3.498406171798706,0.9047286983645134,1.9047286983645133,328,True
15,0.2,8,10.732648761795769,6.436428269716139,0.005843400955200195,3.6277737617492676,0.6674851815398393,1.6674851815398393,329,True
15,0.2,9,13.595074381401114,6.7355101425847455,0.006418466567993164,4.067621469497681,1.0184179213757396,2.0184179213757396,330,True
15,0.2,10,11.168800611675117,6.7890271945615694,0.005304813385009766,3.7986528873443604,0.6451253311552525,1.6451253311552525,331,True
15,0.2,11,14.297186192480531,8.240903361397148,0.005957126617431641,3.466442108154297,0.7349052119034449,1.734905211903445,332,True
15,0.2,12,12.919636321175512,8.12000785667608,0.00519561767578125,3.3145923614501953,0.5910866774042945,1.5910866774042944,333,True
15,0.2,13,13.727371040346451,6.523950652214143,0.005364894866943359,5.151224374771118,1.1041500422274901,2.10415004222749,334,True
15,0.2,14,11.66195011596734,7.118125932165183,0.005400419235229492,5.132568359375,0.6383455739761015,1.6383455739761015,335,True
15,0.2,15,12.017921970291999,5.992892236521432,0.009235143661499023,4.692798614501953,1.0053626022262314,2.0053626022262314,336,True
15,0.2,16,12.708651246138798,6.779845382498786,0.005051851272583008,4.079474449157715,0.874475084482662,1.8744750844826619,337,True
15,0.2,17,13.837831909438393,7.041494596007145,0.006122112274169922,4.158047914505005,0.965183913836288,1.9651839138362879,338,True
15,0.2,18,10.226714558612272,7.630466381977492,0.005515575408935547,4.0095131397247314,0.34024763974675215,1.3402476397467522,339,True
15,0.2,19,12.913605784759055,7.132657943424245,0.009377241134643555,7.139971494674683,0.8104899866485806,1.8104899866485806,340,True
15,0.2,20,12.694037120928172,7.315623646357526,0.007099628448486328,4.080689191818237,0.7351954849739402,1.7351954849739402,341,True
15,0.2,21,12.521113449287498,6.525974180226337,0.009332418441772461,4.372037172317505,0.9186581349381365,1.9186581349381364,342,True
15,0.2,22,14.053651570845416,7.405365291063552,0.010873079299926758,4.258702278137207,0.8977661490655572,1.8977661490655573,343,True
15,0.2,23,13.593268079539545,6.292997408979591,0.011171340942382812,4.1954450607299805,1.1600625578111738,2.1600625578111736,344,True
15,0.2,24,13.450316414778433,6.763233881034467,0.006668567657470703,4.2097508907318115,0.988740394221166,1.988740394221166,345,True
15,0.2,25,11.424659860702112,6.389390275632925,0.005509376525878906,4.0537495613098145,0.7880673065585119,1.788067306558512,346,True
15,0.2,26,11.310870489062404,7.07112467702559,0.004955291748046875,3.580397129058838,0.5995857810019873,1.5995857810019873,347,True
15,0.2,27,11.604772111382125,6.7562867607666774,0.008513689041137695,4.617732048034668,0.7176257495123343,1.7176257495123344,348,True
15,0.2,28,13.777240233337992,8.373707034490105,0.005710601806640625,5.402208566665649,0.6452976174818995,1.6452976174818996,349,True
15,0.2,29,13.582105405106681,6.48211807358042,0.009307622909545898,4.6351683139801025,1.0953190378410615,2.0953190378410618,350,True
15,0.2,30,13.413270615048601,8.10354947733993,0.009668588638305664,4.086050510406494,0.6552339999350061,1.655233999935006,351,True
15,0.2,31,14.514713080292976,7.178001959035463,0.005129575729370117,4.19660758972168,1.0221104930212888,2.0221104930212888,352,True
15,0.2,32,13.847555025414211,7.087349957499848,0.00588226318359375,4.9100182056427,0.9538410137008545,1.9538410137008544,353,True
15,0.2,33,13.300610352972793,7.572355092470649,0.0070345401763916016,3.6227779388427734,0.7564694458396264,1.7564694458396264,354,True
15,0.2,34,11.44260821167661,7.593130809742945,0.008923530578613281,5.355563402175903,0.5069684032038931,1.5069684032038932,355,True
15,0.2,35,14.223924487655454,6.982195021631117,0.010222673416137695,5.120828151702881,1.037170895912986,2.037170895912986,356,True
15,0.2,36,12.546040285747226,6.666429008185316,0.00572514533996582,5.9593422412872314,0.8819731328935898,1.8819731328935898,357,True
15,0.2,37,13.137932928255792,6.691354924497374,0.005049467086791992,3.9693796634674072,0.9634189303211497,1.9634189303211496,358,True
15,0.2,38,12.54377734058538,6.575818584852034,0.00531768798828125,4.37119722366333,0.9075613444508726,1.9075613444508726,359,True
15,0.2,39,13.992285069784574,7.156692148058971,0.0052700042724609375,4.62479567527771,0.9551330112165777,1.9551330112165777,360,True
15,0.2,40,12.406829783996418,6.867292059433084,0.009430170059204102,4.456066608428955,0.8066553274014444,1.8066553274014443,361,True
15,0.2,41,11.881674410554101,7.929298160388773,0.008061408996582031,5.341251850128174,0.49845221736138423,1.4984522173613841,362,True
15,0.2,42,13.443988596816991,6.659827351676831,0.00554203987121582,4.224179267883301,1.0186692367381003,2.0186692367381003,363,True
15,0.2,43,13.07157683724418,7.141929306468405,0.009613275527954102,4.193702459335327,0.8302585024757004,1.8302585024757005,364,True
15,0.2,44,13.487455184488098,6.969927899678856,0.005247354507446289,5.0048887729644775,0.9350924971705291,1.935092497170529,365,True
15,0.2,45,14.205966699954695,7.339557494846984,0.009019851684570312,4.946418046951294,0.9355344937250694,1.9355344937250694,366,True
15,0.2,46,13.099963189848433,7.068934415836451,0.005217552185058594,4.107592582702637,0.8531736778460893,1.8531736778460892,367,True
15,0.2,47,11.448612537925808,6.969782318430599,0.006453037261962891,3.5573346614837646,0.6426069014596882,1.6426069014596882,368,True
15,0.2,48,13.457861958660905,6.473026605427945,0.009080648422241211,5.389084815979004,1.0790679196924415,2.0790679196924415,369,True
15,0.2,49,14.263698436502029,7.344724027497019,0.005802154541015625,4.369085311889648,0.9420332721967365,1.9420332721967364,370,True
15,0.2,50,13.311690316163647,6.777454559893975,0.00912785530090332,6.517180681228638,0.9641135471326409,1.9641135471326407,371,True
15,0.2,51,12.478804754463509,7.665374974273932,0.0055234432220458984,4.594809532165527,0.6279444640795941,1.6279444640795941,372,True
15,0.2,52,13.517995986771478,7.584731935981324,0.0058820247650146484,5.924768686294556,0.7822641724018291,1.782264172401829,373,True
15,0.2,53,14.065936434466948,7.170477675791858,0.00545501708984375,3.4815497398376465,0.9616456630155541,1.961645663015554,374,True
15,0.2,54,14.517974364953233,6.679208777901581,0.0056324005126953125,4.612952470779419,1.1736069117926824,2.1736069117926826,375,True
15,0.2,55,11.337149494663063,7.618732255548843,0.005707979202270508,4.215582370758057,0.48806246425132443,1.4880624642513245,376,True
15,0.2,56,12.142703274451687,6.026398806352793,0.008034944534301758,3.9493720531463623,1.0149186379187727,2.0149186379187727,377,True
15,0.2,57,11.83228269864761,6.004173945892573,0.005684375762939453,3.4927926063537598,0.9706762004691785,1.9706762004691785,378,True
15,0.2,58,12.746599690954888,7.383372406447044,0.005721330642700195,4.840392351150513,0.7263926278220451,1.726392627822045,379,True
15,0.2,59,12.799024905551008,6.316312032359706,0.008898258209228516,3.6026108264923096,1.0263446200851212,2.026344620085121,380,True
15,0.2,60,11.932155034617333,6.291425985948909,0.007711887359619141,4.73403000831604,0.8965740137873779,1.8965740137873779,381,True
15,0.2,61,13.661836528948681,6.662131213468466,0.005601644515991211,5.582788944244385,1.0506705874134235,2.0506705874134235,382,True
15,0.2,62,12.13598216188129,6.438375014088198,0.009431600570678711,4.4989705085754395,0.8849449022969016,1.8849449022969016,383,True
15,0.2,63,12.584286790775344,6.698654781282944,0.005896329879760742,4.728150844573975,0.8786289488954929,1.878628948895493,384,True
20,0.05,0,5.5417932927739315,4.530917229374025,0.00823211669921875,3.6004278659820557,0.2231062745632114,1.2231062745632113,385,True
20,0.05,1,5.231784164009896,4.1646102685027815,0.007925748825073242,3.5966999530792236,0.25624820252166686,1.2562482025216668,386,True
20,0.05,2,5.78594580196908,4.614494866787148,0.008160114288330078,5.281306028366089,0.2538633087693859,1.2538633087693858,387,True
20,0.05,3,5.3902001891663005,4.706615266012223,0.007872343063354492,4.763303279876709,0.14523917603600067,1.1452391760360006,388,True
20,0.05,4,4.731078802826163,3.6176007118096827,0.013146162033081055,4.286328554153442,0.30779463509654986,1.30779463509655,389,True
20,0.05,5,5.141433023528888,4.4783291817282365,0.011463165283203125,3.720412015914917,0.14806947298696627,1.1480694729869663,390,True
20,0.05,6,5.611263604674718,4.151482659925524,0.015290260314941406,4.055604934692383,0.35162881898569287,1.3516288189856929,391,True
20,0.05,7,5.700119440651733,4.383231379433779,0.013916969299316406,3.977017641067505,0.3004377244141896,1.3004377244141896,392,True
20,0.05,8,5.389900884634632,4.730231415129003,0.00795888900756836,3.5164613723754883,0.13945818113586703,1.139458181135867,393,True
20,0.05,9,5.078959070731281,4.184770040782361,0.01751852035522461,4.537543058395386,0.21367698134776056,1.2136769813477606,394,True
20,0.05,10,5.635446347501663,4.005256741388758,0.011918067932128906,3.827228546142578,0.4070125116492941,1.407012511649294,395,True
20,0.05,11,5.886226420390335,4.311723744510276,0.016977548599243164,4.59491753578186,0.3651678004382189,1.3651678004382188,396,True
20,0.05,12,5.343744457527291,4.168948279487429,0.007726907730102539,3.5871822834014893,0.28179677445753837,1.2817967744575385,397,True
20,0.05,13,5.054030755455491,4.859414761350924,0.008503198623657227,2.9608118534088135,0.04004926594297619,1.040049265942976,398,True
20,0.05,14,5.485020694477476,4.415071805339911,0.013852596282958984,4.260840177536011,0.24234008784262354,1.2423400878426236,399,True
20,0.05,15,5.5110596377166505,4.514799528180566,0.01621532440185547,6.024235248565674,0.22066541455885433,1.2206654145588542,400,True
20,0.05,16,4.718813643100682,4.057942415235397,0.00794076919555664,3.7255446910858154,0.16285870035613817,1.1628587003561381,401,True
20,0.05,17,5.224624385547199,4.296343463200833,0.008376359939575195,3.3411099910736084,0.2160630150492635,1.2160630150492635,402,True
20,0.05,18,5.44063935227265,4.0048373265400645,0.007911443710327148,4.588967800140381,0.35851694055524375,1.3585169405552437,403,True
20,0.05,19,5.2736730462000185,4.427102941917451,0.00726771354675293,3.79636549949646,0.19122440010755742,1.1912244001075574,404,True
20,0.05,20,5.476664472546826,3.9781232780787144,0.007681131362915039,3.7435123920440674,0.3766955143712518,1.3766955143712518,405,True
20,0.05,21,4.950663629247956,3.819248023191167,0.008007526397705078,4.233835458755493,0.29624041151206426,1.2962404115120643,406,True
20,0.05,22,6.035687253118958,4.495731887710113,0.009300470352172852,4.971085548400879,0.3425371894659886,1.3425371894659885,407,True
20,0.05,23,4.958427023567764,4.249520307089125,0.008390665054321289,4.731935501098633,0.16682040918736832,1.1668204091873684,408,True
20,0.05,24,5.654939131987178,4.5451964310426005,0.007684469223022461,3.3066534996032715,0.24415725871940352,1.2441572587194034,409,True
20,0.05,25,5.331200699078657,4.47883162311135,0.009288311004638672,3.9017670154571533,0.19031058715602814,1.1903105871560282,410,True
20,0.05,26,5.460020557551387,4.229496074462972,0.0202486515045166,3.5517525672912598,0.29093879304395803,1.290938793043958,411,True
20,0.05,27,5.612213970253859,4.158339099443131,0.007941722869873047,3.9071176052093506,0.34962874264040317,1.3496287426404032,412,True
20,0.05,28,5.211523119173483,3.736235259533741,0.015970945358276367,4.598811388015747,0.39485946605617367,1.3948594660561737,413,True
20,0.05,29,4.70274652562829,4.086655731019691,0.01380300521850586,6.127334356307983,0.1507567153093351,1.150756715309335,414,True
20,0.05,30,4.808067946070978,4.299312026061645,0.012418031692504883,3.4913249015808105,0.1183342629996027,1.1183342629996027,415,True
20,0.05,31,4.6645296653111785,3.7805608460869085,0.013801813125610352,3.276916265487671,0.2338194927187132,1.2338194927187132,416,True
20,0.05,32,5.325556639525863,4.3201786365804224,0.01575183868408203,4.617035388946533,0.23271676648566406,1.232716766485664,417,True
20,0.05,33,5.270428087722187,4.5854685740250805,0.009361743927001953,3.575253963470459,0.14937612212133325,1.1493761221213332,418,True
20,0.05,34,4.850291859514295,4.147625644574632,0.00725102424621582,2.9129981994628906,0.16941408775857025,1.1694140877585704,419,True
20,0.05,35,5.515985568597333,4.111736950930082,0.015906095504760742,4.9942307472229,0.34152199774102965,1.3415219977410295,420,True
20,0.05,36,5.666994759927507,3.9845969396990726,0.007392406463623047,3.9670612812042236,0.4222253456721003,1.4222253456721003,421,True
20,0.05,37,4.635192346139049,4.118964733753999,0.013353347778320312,3.8923304080963135,0.1253294567333096,1.1253294567333096,422,True
20,0.05,38,4.505203250944001,4.312207771467447,0.009279012680053711,3.7589821815490723,0.04475560773150728,1.0447556077315072,423,True
20,0.05,39,5.438489178405729,4.076716653597464,0.007898569107055664,3.74626088142395,0.3340365888825214,1.3340365888825214,424,True
20,0.05,40,6.215849091999853,4.828778393032152,0.0106201171875,4.161044359207153,0.2872508502293707,1.2872508502293707,425,True
20,0.05,41,5.464670993230945,4.473483037889057,0.013112783432006836,4.075703382492065,0.22156962414897388,1.221569624148974,426,True
20,0.05,42,5.187659974867966,4.072795750972907,0.011834383010864258,5.488828659057617,0.2737343810154832,1.2737343810154833,427,True
20,0.05,43,4.679427891077355,4.015050622145349,0.01266622543334961,3.4564015865325928,0.16547170420905202,1.165471704209052,428,True
20,0.05,44,4.963691144273519,4.536497138408355,0.00796651840209961,4.550139904022217,0.09416825203047452,1.0941682520304745,429,True
20,0.05,45,5.6123168271673585,4.584603719529825,0.013509988784790039,4.3065431118011475,0.22416618109425854,1.2241661810942586,430,True
20,0.05,46,5.047207035573228,4.131665928971419,0.014422893524169922,4.044447660446167,0.22159127149704816,1.221591271497048,431,True
20,0.05,47,5.661227410128616,4.532901373076786,0.011439323425292969,3.5622365474700928,0.24891916769986075,1.2489191676998608,432,True
20,0.05,48,5.259443745931253,3.9910628061591162,0.014714717864990234,4.39229154586792,0.3178053068507809,1.317805306850781,433,True
20,0.05,49,5.275770647249851,4.481512663416327,0.007712841033935547,4.221303224563599,0.17722988720242705,1.177229887202427,434,True
20,0.05,50,6.160767177920411,5.111412016142325,0.012920856475830078,6.02339243888855,0.2052965322427779,1.205296532242778,435,True
20,0.05,51,4.418585312840779,4.022965625037763,0.008228778839111328,3.259359121322632,0.09834031027776993,1.09834031027777,436,True
20,0.05,52,4.880601035422335,4.259784023914317,0.013121843338012695,6.97944974899292,0.1457390816113603,1.1457390816113602,437,True
20,0.05,53,5.421221553070123,4.338533508734618,0.012821435928344727,3.639237880706787,0.24955161511505378,1.2495516151150539,438,True
20,0.05,54,5.078051497099678,4.004230865026061,0.010915994644165039,3.3897502422332764,0.2681715086541665,1.2681715086541665,439,True
20,0.05,55,6.2853853880620045,4.496890462771741,0.015424728393554688,4.667219877243042,0.39771814325846205,1.397718143258462,440,True
20,0.05,56,5.294386062862345,4.447574104899919,0.013080835342407227,3.183581590652466,0.19039861686160275,1.1903986168616028,441,True
20,0.05,57,4.3029294283334645,3.8590616594335905,0.008376598358154297,3.3441569805145264,0.11501961048350344,1.1150196104835035,442,True
20,0.05,58,4.815802106962568,3.8654357637474814,0.016277313232421875,3.399245500564575,0.2458626662815685,1.2458626662815684,443,True
20,0.05,59,5.451002026728773,4.271655380083832,0.007887840270996094,3.7626640796661377,0.27608656169772666,1.2760865616977266,444,True
20,0.05,60,4.816105371843915,4.338275224669754,0.008936643600463867,3.324373722076416,0.11014288454014234,1.1101428845401424,445,True
20,0.05,61,4.9957722098111645,4.257197278618006,0.007818460464477539,5.145906209945679,0.17348853784688104,1.1734885378468811,446,True
20,0.05,62,5.33342049889152,4.272958764473965,0.021525144577026367,5.470270872116089,0.24817972577559066,1.2481797257755907,447,True
20,0.05,63,4.838478106528186,3.930707531081676,0.01359701156616211,5.2695841789245605,0.23094330175125086,1.2309433017512508,448,True
20,0.1,0,8.53636041960516,6.177435627787931,0.016356229782104492,6.11600399017334,0.3818614930127459,1.381861493012746,449,True
20,0.1,1,8.451527929045625,5.367348598281714,0.00793600082397461,6.0529258251190186,0.5746187851020652,1.5746187851020652,450,True
20,0.1,2,6.799477097931674,5.45156633405019,0.020718097686767578,5.461959600448608,0.24725201552854745,1.2472520155285474,451,True
20,0.1,3,9.188991969732358,5.494105959409514,0.016228675842285156,5.872277021408081,0.6725181562970723,1.6725181562970723,452,True
20,0.1,4,8.519861056623087,5.548113717093886,0.010510683059692383,5.247752666473389,0.5356320167651157,1.5356320167651156,453,True
20,0.1,5,8.02249702781987,5.15259551368394,0.008347272872924805,5.5940070152282715,0.5569817204774228,1.5569817204774228,454,True
20,0.1,6,8.911025907215597,6.416387902657716,0.02004551887512207,7.0300586223602295,0.3887916445208345,1.3887916445208344,455,True
20,0.1,7,8.885093812097706,5.293981236231608,0.01636362075805664,5.8884899616241455,0.6783387427384129,1.6783387427384129,456,True
20,0.1,8,7.782721447781038,5.160648846580407,0.013746023178100586,5.319045066833496,0.5080897149082505,1.5080897149082506,457,True
20,0.1,9,8.932006103931606,5.456483382521938,0.016422510147094727,7.326440811157227,0.6369528646494864,1.6369528646494864,458,True
20,0.1,10,9.707013787882712,6.487711782076621,0.013217687606811523,6.551307916641235,0.4962153242842794,1.4962153242842793,459,True
20,0.1,11,7.571550810399038,5.964405510506095,0.009414196014404297,5.029386043548584,0.2694560752219163,1.2694560752219164,460,True
20,0.1,12,9.133647850013423,4.77876628207332,0.015746116638183594,6.089283466339111,0.911298295603335,1.911298295603335,461,True
20,0.1,13,9.699470027469657,5.722893680023615,0.015294551849365234,6.049122095108032,0.694854136697789,1.694854136697789,462,True
20,0.1,14,8.626619150407311,5.86726543531979,0.016364574432373047,5.523496389389038,0.47029638346967434,1.4702963834696743,463,True
20,0.1,15,7.435667354928465,5.226370282595107,0.014870166778564453,5.556149959564209,0.4227211148224178,1.4227211148224177,464,True
20,0.1,16,9.437658667380845,5.881021530150367,0.01130986213684082,4.682250261306763,0.6047651958076646,1.6047651958076645,465,True
20,0.1,17,8.868069537888426,5.786454039174547,0.015123367309570312,5.51528525352478,0.5325568090321303,1.5325568090321302,466,True
20,0.1,18,8.473338606679622,5.654209007688927,0.015675783157348633,5.951115846633911,0.498589563130241,1.498589563130241,467,True
20,0.1,19,8.762544875103906,5.737900024638499,0.010829687118530273,5.853347063064575,0.5271344633886274,1.5271344633886275,468,True
20,0.1,20,7.909236167377901,5.593345400833341,0.014244556427001953,5.948828220367432,0.41404393982168886,1.4140439398216889,469,True
20,0.1,21,8.414186391686865,5.715095302577668,0.013736724853515625,8.72372555732727,0.47227402977721683,1.4722740297772168,470,True
20,0.1,22,8.137684960570091,5.398821048542108,0.00834035873413086,4.429896354675293,0.507307778383872,1.507307778383872,471,True
20,0.1,23,9.755720764285188,5.36089968404141,0.008131027221679688,5.910194396972656,0.8197917027484207,1.8197917027484207,472,True
20,0.1,24,7.376414296691299,5.823016845985729,0.008498191833496094,4.6663291454315186,0.2667684967761084,1.2667684967761084,473,True
20,0.1,25,8.547298313059546,5.726397986080747,0.007901430130004883,5.223683834075928,0.4926133904481681,1.4926133904481682,474,True
20,0.1,26,8.351502978551805,5.062701133947778,0.007959127426147461,5.021308183670044,0.6496140612668351,1.649614061266835,475,True
20,0.1,27,9.67928862961854,6.181033479610379,0.009913921356201172,5.829514026641846,0.5659660575449064,1.5659660575449064,476,True
20,0.1,28,8.105218902590034,4.945216310926145,0.009385347366333008,7.554241418838501,0.639001894554554,1.6390018945545541,477,True
20,0.1,29,8.248783815243872,5.810436138331288,0.009209632873535156,5.550340414047241,0.41964968185896945,1.4196496818589694,478,True
20,0.1,30,8.11115180123847,5.887636149226291,0.013676166534423828,7.6799843311309814,0.37765846863760033,1.3776584686376003,479,True
20,0.1,31,8.945914003462379,5.583883873036876,0.008255243301391602,3.700176477432251,0.6020952811464925,1.6020952811464926,480,True
20,0.1,32,9.077891652900647,5.639006947567946,0.0157015323638916,5.547497510910034,0.609838706940388,1.6098387069403879,481,True
20,0.1,33,8.172463612600671,5.538673410211237,0.009038448333740234,5.809505939483643,0.4755272620937918,1.4755272620937918,482,True
20,0.1,34,6.686075778542644,5.444979150706965,0.014856338500976562,6.322767972946167,0.2279341377596529,1.2279341377596529,483,True
20,0.1,35,7.654325820383315,5.288727674287184,0.01508784294128418,6.440127849578857,0.44729059459749304,1.447290594597493,484,True
20,0.1,36,8.143082851191844,5.0079179298360375,0.012481212615966797,5.688003063201904,0.6260415935886661,1.626041593588666,485,True
20,0.1,37,9.429580788804847,5.621223233765589,0.015479803085327148,7.895293951034546,0.6774962310984554,1.6774962310984554,486,True
20,0.1,38,7.1793483371074505,6.209774202436841,0.01426076889038086,7.152606248855591,0.1561367777736796,1.1561367777736795,487,True
20,0.1,39,9.129368668732953,5.260900397230789,0.007291316986083984,6.073927164077759,0.735324370242484,1.735324370242484,488,True
20,0.1,40,9.371923591341147,5.799200578127077,0.01764512062072754,8.349287748336792,0.6160716404066723,1.6160716404066724,489,True
20,0.1,41,9.293199778947024,5.281108290854079,0.009721040725708008,4.5640645027160645,0.7597063470637704,1.7597063470637704,490,True
20,0.1,42,8.99162542912742,6.185433079874461,0.011068582534790039,5.822522401809692,0.4536775861957777,1.4536775861957776,491,True
20,0.1,43,8.010331520495034,5.696041966045042,0.009311437606811523,6.005753755569458,0.4062978412458718,1.4062978412458718,492,True
20,0.1,44,8.98859041496934,5.343260164495961,0.012366294860839844,6.726725101470947,0.6822296010767518,1.6822296010767517,493,True
20,0.1,45,8.728771543795267,5.897878867625154,0.013409614562988281,4.880591154098511,0.4799848792604997,1.4799848792604997,494,True
20,0.1,46,8.415823964499797,5.3162265279400645,0.016431093215942383,6.97606635093689,0.5830446502362959,1.5830446502362958,495,True
20,0.1,47,9.23591105349069,5.5343178358982765,0.00995326042175293,7.175846099853516,0.668843627588947,1.668843627588947,496,True
20,0.1,48,8.760513064214726,5.679157003192926,0.0077321529388427734,6.896153688430786,0.5425727901675205,1.5425727901675204,497,True
20,0.1,49,9.229076605489938,5.434892890481706,0.013504505157470703,7.383398771286011,0.6981156375046697,1.6981156375046695,498,True
20,0.1,50,9.648892048887596,5.811263485514843,0.008506298065185547,4.897721290588379,0.6603776567588834,1.6603776567588835,499,True
20,0.1,51,8.772039171009123,5.579795072519053,0.008420944213867188,5.838621616363525,0.5721077668626458,1.5721077668626458,500,True
20,0.1,52,9.802865647431684,6.150518648813718,0.00812530517578125,5.83138108253479,0.5938274814145003,1.5938274814145004,501,True
20,0.1,53,8.308864023524768,5.356809334215076,0.009787797927856445,5.012587070465088,0.5510845178778891,1.5510845178778891,502,True
20,0.1,54,8.08783782999515,5.265910424709744,0.008637428283691406,6.030581474304199,0.5358859489982591,1.535885948998259,503,True
20,0.1,55,8.425163752935118,5.266434665094941,0.008417606353759766,5.29705548286438,0.599785108657231,1.599785108657231,504,True
20,0.1,56,9.046829508477952,5.468523297185371,0.018321990966796875,7.302602052688599,0.6543459754728159,1.654345975472816,505,True
20,0.1,57,9.19123690022067,5.509733906022282,0.0076787471771240234,7.336366653442383,0.6681816321790803,1.6681816321790803,506,True
20,0.1,58,8.988697932334766,5.382526485665974,0.008913993835449219,4.607073545455933,0.669977464351038,1.6699774643510379,507,True
20,0.1,59,7.788252980606382,5.101655949161792,0.00894618034362793,5.711165428161621,0.5266127426499627,1.5266127426499627,508,True
20,0.1,60,9.257113313409985,5.590989593234578,0.01369786262512207,4.368533372879028,0.6557200043104406,1.6557200043104405,509,True
20,0.1,61,9.182527220839033,5.650465391182906,0.016916513442993164,7.3578760623931885,0.6250921977449191,1.625092197744919,510,True
20,0.1,62,8.550600279809547,5.685485016774895,0.015566825866699219,7.594167470932007,0.5039350652725659,1.5039350652725658,511,True
20,0.1,63,7.887912118646724,5.965906871826926,0.009223699569702148,4.866950511932373,0.32216480882331083,1.3221648088233109,512,True
20,0.2,0,15.742645719120642,8.54387744114093,0.013783931732177734,9.178818702697754,0.8425645531051068,1.842564553105107,513,True
20,0.2,1,16.82314285408387,8.545688620442057,0.009088754653930664,8.551190614700317,0.9686117294095407,1.9686117294095407,514,True
20,0.2,2,16.79809861551865,8.240168145073486,0.008694171905517578,9.122231245040894,1.038562602094674,2.0385626020946743,515,True
20,0.2,3,14.1386978474726,8.688541437087844,0.013602018356323242,11.390109062194824,0.6272809366046478,1.627280936604648,516,True
20,0.2,4,17.43370933907018,8.850824059574705,0.0231626033782959,9.108388423919678,0.9697272504485751,1.9697272504485752,517,True
20,0.2,5,15.168378949625621,8.402491024244123,0.008611917495727539,8.193745374679565,0.8052240586582655,1.8052240586582655,518,True
20,0.2,6,15.156624026197413,8.631359114046438,0.015077590942382812,8.099422693252563,0.7559950670493987,1.7559950670493987,519,True
20,0.2,7,16.312719783566713,8.851691778888584,0.016338348388671875,10.122173070907593,0.8428928831969489,1.8428928831969489,520,True
20,0.2,8,14.053758700257589,8.253481977765396,0.00782012939453125,8.143207550048828,0.7027672366787671,1.702767236678767,521,True
20,0.2,9,15.639324586182664,7.81252900571159,0.017113685607910156,11.12379503250122,1.0018261147893408,2.0018261147893406,522,True
20,0.2,10,15.24269386510745,9.022980698698351,0.013130903244018555,7.2743871212005615,0.6893191256971601,1.68931912569716,523,True
20,0.2,11,16.132274384184868,8.475084825095943,0.01490926742553711,6.101274251937866,0.9034941498656023,1.9034941498656022,524,True
20,0.2,12,16.57006823087554,8.830834182818391,0.008748054504394531,9.401023626327515,0.8763876535146473,1.8763876535146473,525,True
20,0.2,13,15.866520026119446,7.628153446066033,0.013945341110229492,7.541651487350464,1.0799948687846699,2.0799948687846697,526,True
20,0.2,14,16.684392358695266,8.01737624085545,0.01484823226928711,9.60775089263916,1.0810289872232628,2.0810289872232626,527,True
20,0.2,15,15.945849176126503,8.130538273512368,0.009080886840820312,7.675605058670044,0.9612292125940567,1.9612292125940567,528,True
20,0.2,16,16.520951410713018,8.097481460693977,0.007784128189086914,6.53853178024292,1.0402580099636467,2.040258009963647,529,True
20,0.2,17,16.95310076530939,8.360605669856731,0.007908821105957031,10.283029317855835,1.0277359601388665,2.0277359601388665,530,True
20,0.2,18,16.770384215203187,8.357805163222794,0.017377853393554688,9.671091318130493,1.0065536211586532,2.006553621158653,531,True
20,0.2,19,16.30655222890809,8.697386702768032,0.008185148239135742,9.82796311378479,0.8748795225718045,1.8748795225718045,532,True
20,0.2,20,17.170604349734656,7.116597254902067,0.00881052017211914,9.550584316253662,1.4127548229467628,2.412754822946763,533,True
20,0.2,21,15.292904296958417,8.67276963698114,0.008460283279418945,8.520838260650635,0.7633241671436398,1.76332416714364,534,True
20,0.2,22,15.095210565757828,7.541049874851443,0.00889444351196289,8.262582063674927,1.0017385929376579,2.0017385929376577,535,True
20,0.2,23,15.794638791660827,9.292509035377337,0.012497186660766602,9.635278701782227,0.6997173456091732,1.6997173456091732,536,True
20,0.2,24,16.575989323046567,8.417820663291383,0.014911413192749023,10.235381841659546,0.9691544861880349,1.9691544861880348,537,True
20,0.2,25,15.263527844767124,8.213154338278677,0.008762359619140625,7.890149116516113,0.8584245730813908,1.8584245730813909,538,True
20,0.2,26,15.083293698582537,7.990625067892144,0.014061212539672852,9.596242666244507,0.8876237553918139,1.887623755391814,539,True
20,0.2,27,16.45657270311636,8.04754129402019,0.014647722244262695,6.866333961486816,1.044919324035602,2.044919324035602,540,True
20,0.2,28,15.946808198252956,9.19146215758723,0.015175104141235352,9.65622091293335,0.7349588046869588,1.7349588046869588,541,True
20,0.2,29,15.147582017824654,8.392343187388066,0.008552312850952148,8.04618763923645,0.8049288118470055,1.8049288118470055,542,True
20,0.2,30,17.20558026846666,8.602713438506274,0.011554479598999023,8.195327281951904,1.0000178305897562,2.0000178305897562,543,True
20,0.2,31,16.75256159709176,8.1906619312061,0.015454292297363281,8.541630983352661,1.0453245095204282,2.0453245095204284,544,True
20,0.2,32,16.383511358645254,9.075632656667928,0.019286394119262695,9.915138483047485,0.8052197547471448,1.8052197547471447,545,True
20,0.2,33,14.559990358698649,8.191821404068182,0.007655143737792969,5.944603681564331,0.7773813222378038,1.7773813222378039,546,True
20,0.2,34,15.497408254271724,9.031929691724567,0.014019012451171875,7.725574254989624,0.7158468658664492,1.7158468658664492,547,True
20,0.2,35,16.767574593166714,7.663423935545739,0.022958755493164062,9.025254011154175,1.1880003943658424,2.1880003943658424,548,True
20,0.2,36,15.03353003687025,8.406623755321823,0.010581016540527344,7.2818825244903564,0.7882958098788776,1.7882958098788775,549,True
20,0.2,37,15.514122990841205,8.612373366593472,0.013898134231567383,8.336246728897095,0.8013760354397691,1.801376035439769,550,True
20,0.2,38,16.719193071161982,8.377395718766387,0.008446693420410156,7.441262483596802,0.9957506643393904,1.9957506643393905,551,True
20,0.2,39,17.407792450659727,9.514264425792751,0.009863615036010742,6.864099025726318,0.8296519490742731,1.829651949074273,552,True
20,0.2,40,15.42038746041609,9.274524847016346,0.008179426193237305,10.29098892211914,0.6626606445910698,1.6626606445910697,553,True
20,0.2,41,16.692383834110018,9.157076699720694,0.008913278579711914,10.218772888183594,0.822894399761789,1.822894399761789,554,True
20,0.2,42,16.34153689252954,7.8969198799911515,0.014586925506591797,6.605270624160767,1.069355791988591,2.069355791988591,555,True
20,0.2,43,17.6898664582232,8.950480095408228,0.008685827255249023,7.53632664680481,0.9764153732153932,1.976415373215393,556,True
20,0.2,44,15.52806222797757,8.739810605316581,0.008575201034545898,7.824708700180054,0.7767046597704961,1.776704659770496,557,True
20,0.2,45,17.114436419167504,8.366259594924198,0.009289026260375977,8.830491304397583,1.0456496986479855,2.0456496986479857,558,True
20,0.2,46,15.558934975045391,8.68843289738043,0.008009195327758789,8.241788625717163,0.790764244693243,1.790764244693243,559,True
20,0.2,47,17.086258677409113,8.272967234236253,0.007969856262207031,5.706468820571899,1.0653120209035238,2.065312020903524,560,True
20,0.2,48,16.227238326897897,7.772909959923605,0.009140253067016602,7.959753751754761,1.087665804771188,2.0876658047711882,561,True
20,0.2,49,16.66352417179847,8.789962391787174,0.017310619354248047,8.354132175445557,0.8957446493022418,1.8957446493022418,562,True
20,0.2,50,16.63125092490797,7.978112215146796,0.012731790542602539,6.618785619735718,1.084609801969545,2.084609801969545,563,True
20,0.2,51,16.87483138365074,8.869848477467919,0.0071871280670166016,9.028590202331543,0.902493760352038,1.902493760352038,564,True
20,0.2,52,16.547709386292457,8.248060020604086,0.00771641731262207,8.827957391738892,1.0062547247419893,2.0062547247419893,565,True
20,0.2,53,13.649640789833521,9.04757142146073,0.01560211181640625,7.80574631690979,0.5086524498117514,1.5086524498117513,566,True
20,0.2,54,17.33918502300284,8.46536499436324,0.008328914642333984,7.656409978866577,1.048250138599852,2.048250138599852,567,True
20,0.2,55,16.763920172246674,7.97515385021025,0.016119718551635742,12.679148435592651,1.1020184045483616,2.1020184045483616,568,True
20,0.2,56,16.78714392673472,8.631617547757616,0.016828060150146484,7.562719821929932,0.9448433429601857,1.9448433429601857,569,True
20,0.2,57,17.08649239196921,8.625981190831142,0.008368253707885742,7.884403467178345,0.9808172559118307,1.9808172559118307,570,True
20,0.2,58,16.080026006654197,8.771365050369582,0.01735401153564453,9.357826709747314,0.8332409966196385,1.8332409966196386,571,True
20,0.2,59,15.909535655926886,8.254131231079716,0.00841975212097168,7.065399885177612,0.9274633768871848,1.9274633768871847,572,True
20,0.2,60,15.622985148065764,8.602504234832887,0.00725102424621582,7.997851610183716,0.8160973504442869,1.816097350444287,573,True
20,0.2,61,15.968699967270899,8.051560876663416,0.023192882537841797,9.759614706039429,0.98330487862974,1.98330487862974,574,True
20,0.2,62,14.924787579450317,8.315185306311033,0.010576009750366211,7.234221458435059,0.7948833404978659,1.794883340497866,575,True
20,0.2,63,15.073190840038912,8.488732714276527,0.014291763305664062,9.51280403137207,0.7756703323557952,1.7756703323557952,576,True
25,0.05,0,6.514070915978879,5.123913867023646,0.017109155654907227,8.961782693862915,0.27130765368675896,1.271307653686759,577,True
25,0.05,1,5.643722560965588,4.876202447963875,0.028520822525024414,6.729790210723877,0.15740119923080748,1.1574011992308075,578,True
25,0.05,2,5.948203295199021,4.530478649476785,0.013802766799926758,6.793916463851929,0.312930433053904,1.312930433053904,579,True
25,0.05,3,6.7616559465887,4.875919920089526,0.011688232421875,8.499540090560913,0.38674466714058553,1.3867446671405854,580,True
25,0.05,4,6.55971677918185,5.027352590607388,0.018860340118408203,6.834724187850952,0.3048053942819487,1.3048053942819486,581,True
25,0.05,5,6.877892359637722,5.192206609276394,0.020946979522705078,7.426913022994995,0.3246569093282387,1.3246569093282388,582,True
25,0.05,6,6.222321475963728,5.2201951706913565,0.015827417373657227,8.696079730987549,0.19197104179146066,1.1919710417914606,583,True
25,0.05,7,5.872128688773755,4.662622169404514,0.015230178833007812,7.0088136196136475,0.2594047888559053,1.2594047888559052,584,True
25,0.05,8,6.495525991554558,5.030529779803524,0.010225772857666016,7.149049282073975,0.29122105938676157,1.2912210593867617,585,True
25,0.05,9,6.023301141338604,4.377521894784338,0.014477252960205078,4.934520244598389,0.37596139690703856,1.3759613969070386,586,True
25,0.05,10,6.4278425435000655,4.67984739012617,0.018687963485717773,7.1053502559661865,0.3735154178450184,1.3735154178450184,587,True
25,0.05,11,5.701713056467756,4.186619216813716,0.013728618621826172,7.808624029159546,0.36188957275343586,1.361889572753436,588,True
25,0.05,12,7.10523306537054,4.8895398621651855,0.011580944061279297,7.2188379764556885,0.45314963486650084,1.453149634866501,589,True
25,0.05,13,5.618652254332335,4.3717434464323714,0.015380144119262695,5.171351194381714,0.2852200325061441,1.285220032506144,590,True
25,0.05,14,5.535998653457521,4.982414214232402,0.012162208557128906,7.252826690673828,0.11110767098483908,1.111107670984839,591,True
25,0.05,15,5.954099032101867,4.550959158662897,0.019380807876586914,6.144796133041382,0.3083173951952631,1.3083173951952631,592,True
25,0.05,16,6.022809107804944,5.2999386784522775,0.012006044387817383,5.785963773727417,0.1363922251198129,1.1363922251198129,593,True
25,0.05,17,5.5685389886409755,4.907244768406381,0.02024078369140625,9.323493719100952,0.1347587600463934,1.1347587600463933,594,True
25,0.05,18,6.548885076048045,5.259392314564602,0.014581680297851562,7.0285656452178955,0.24517904053525488,1.245179040535255,595,True
25,0.05,19,6.0317214307452245,5.017365986399799,0.01836371421813965,6.148154258728027,0.20216891633876488,1.2021689163387648,596,True
25,0.05,20,7.162051710469913,5.077089159068817,0.012326478958129883,6.606179237365723,0.4106610079275222,1.4106610079275221,597,True
25,0.05,21,6.691098013276072,4.953189147553752,0.01244807243347168,6.989504814147949,0.35086664650806365,1.3508666465080637,598,True
25,0.05,22,6.747049152949848,5.085454631632392,0.011406660079956055,9.122355937957764,0.32673470548376454,1.3267347054837646,599,True
25,0.05,23,6.754762823737565,4.879868584783141,0.011852264404296875,5.1854753494262695,0.38420998565430486,1.3842099856543049,600,True
25,0.05,24,6.121615522390141,4.8877637626928045,0.019062280654907227,8.507149696350098,0.2524368647100026,1.2524368647100026,601,True
25,0.05,25,6.177279563873041,5.395656810195561,0.012257814407348633,7.391327619552612,0.14486146565150995,1.14486146565151,602,True
25,0.05,26,6.2622158824974345,5.2728018938079835,0.011179685592651367,6.023954391479492,0.18764482501255186,1.1876448250125518,603,True
25,0.05,27,6.4911642345899,5.0886675480243575,0.02045750617980957,6.012345790863037,0.2756117732843547,1.2756117732843546,604,True
25,0.05,28,6.229365715018022,4.6065175852033375,0.018787145614624023,7.115883827209473,0.3522939183012041,1.3522939183012042,605,True
25,0.05,29,6.41469512733553,4.905844128173847,0.02269124984741211,6.090617418289185,0.30756195258966335,1.3075619525896633,606,True
25,0.05,30,6.618236907333342,4.492143040285961,0.02593851089477539,7.2585248947143555,0.47329166680142903,1.473291666801429,607,True
25,0.05,31,6.615662183454676,5.077861247440339,0.020140886306762695,5.682003974914551,0.3028442214307285,1.3028442214307285,608,True
25,0.05,32,5.972006051158543,4.295625788548187,0.022281646728515625,8.197083473205566,0.39025286305884893,1.3902528630588489,609,True
25,0.05,33,5.111819195147093,4.6463188529541375,0.023588180541992188,9.154386281967163,0.10018691289277089,1.1001869128927708,610,True
25,0.05,34,5.3511157839252546,4.599874786039195,0.028759241104125977,6.544060230255127,0.16331770598758596,1.1633177059875859,611,True
25,0.05,35,5.2337493429110395,4.3590985479084905,0.01912999153137207,5.815243721008301,0.20064946579888848,1.2006494657988884,612,True
25,0.05,36,5.917693991734678,4.729379784224511,0.02249622344970703,6.5714428424835205,0.25126216580743865,1.2512621658074385,613,True
25,0.05,37,6.055191729835544,4.870653300669044,0.01912689208984375,5.945593595504761,0.24319908563473172,1.2431990856347317,614,True
25,0.05,38,6.635055310884424,4.678961864224549,0.027312040328979492,6.462767124176025,0.4180614211917843,1.4180614211917844,615,True
25,0.05,39,6.550920086346315,5.385758895295381,0.016432523727416992,6.26088285446167,0.21634113477837566,1.2163411347783757,616,True
25,0.05,40,6.920254278615578,5.250860105886461,0.013441324234008789,6.5069098472595215,0.3179277564179719,1.3179277564179719,617,True
25,0.05,41,6.4311988169987515,5.047957197193123,0.011405467987060547,8.43952465057373,0.2740200769877305,1.2740200769877306,618,True
25,0.05,42,5.889799869510529,5.24569325815044,0.021111249923706055,8.53416657447815,0.12278770024520891,1.122787700245209,619,True
25,0.05,43,6.2245014152358955,4.006686211668789,0.02262139320373535,6.555884838104248,0.5535285486315594,1.5535285486315595,620,True
25,0.05,44,5.322366426318388,4.428233801665817,0.011951684951782227,6.068303823471069,0.20191630900703927,1.2019163090070393,621,True
25,0.05,45,6.545629679021243,4.767949920578852,0.019336223602294922,6.6362879276275635,0.37283943582749957,1.3728394358274996,622,True
25,0.05,46,7.311433122435252,5.2464761771699795,0.02200937271118164,6.997230291366577,0.39358931128877034,1.3935893112887703,623,True
25,0.05,47,6.574397562194148,5.056821034930458,0.0242919921875,7.23734974861145,0.30010485179935986,1.3001048517993599,624,True
25,0.05,48,6.535306390647965,4.841568068507826,0.022916555404663086,7.276885747909546,0.3498325951786423,1.3498325951786423,625,True
25,0.05,49,5.127472213387987,4.5590807416484305,0.01183772087097168,7.468130111694336,0.12467238549805615,1.124672385498056,626,True
25,0.05,50,5.727339991139593,4.594428570818664,0.010762453079223633,6.566341876983643,0.24658374874224237,1.2465837487422424,627,True
25,0.05,51,6.233678852764288,5.157769293657815,0.011579036712646484,4.737726449966431,0.20859978371453175,1.2085997837145317,628,True
25,0.05,52,5.612019627531013,4.682110677562219,0.014017105102539062,8.718230724334717,0.19860892106313013,1.19860892106313,629,True
25,0.05,53,7.097794182955009,5.606176376988729,0.022869586944580078,7.657407999038696,0.26606687083353586,1.2660668708335359,630,True
25,0.05,54,6.190853182114098,4.77358224398235,0.021717071533203125,6.448439598083496,0.296898820569894,1.296898820569894,631,True
25,0.05,55,6.461787640040157,4.716281555854344,0.023477554321289062,7.2051239013671875,0.37010217976047405,1.370102179760474,632,True
25,0.05,56,5.61810038175897,4.366871435531068,0.011414527893066406,6.895543098449707,0.28652754373469136,1.2865275437346915,633,True
25,0.05,57,5.725986740914409,4.643170432191233,0.020815610885620117,8.02538514137268,0.23320623796533074,1.2332062379653308,634,True
25,0.05,58,5.949090824528437,4.922587005324196,0.035841941833496094,5.226420640945435,0.20852933997794032,1.2085293399779402,635,True
25,0.05,59,6.946859900825975,4.8134598384956355,0.010500192642211914,5.28189754486084,0.44321551106928875,1.4432155110692888,636,True
25,0.05,60,5.050052351712079,4.4174054185794205,0.011937379837036133,5.701579570770264,0.14321685994040126,1.1432168599404013,637,True
25,0.05,61,6.212486667983572,4.934871210366719,0.010738134384155273,8.049717903137207,0.2588954003364783,1.2588954003364783,638,True
25,0.05,62,6.138994880780992,4.634073905577299,0.019708633422851562,7.778641700744629,0.32475118132933933,1.3247511813293393,639,True
25,0.05,63,6.018714133238202,4.992414673708188,0.014478445053100586,7.296088218688965,0.20557175767767608,1.205571757677676,640,True
25,0.1,0,10.83390296811077,6.733342975233023,0.012815475463867188,12.610130548477173,0.6089931862910694,1.6089931862910694,641,True
25,0.1,1,12.08656625274636,6.773435114764539,0.022520065307617188,10.717485904693604,0.7844071801028123,1.7844071801028123,642,True
25,0.1,2,11.104667753585312,6.357384788657591,0.014383316040039062,8.879546642303467,0.7467351942260121,1.746735194226012,643,True
25,0.1,3,10.391561501767276,5.955218541555925,0.03573775291442871,7.448383092880249,0.7449504882573569,1.744950488257357,644,True
25,0.1,4,9.31031993136748,6.720554935153157,0.012048006057739258,9.017930507659912,0.38534987381295843,1.3853498738129584,645,True
25,0.1,5,12.343089383654242,6.793720262154124,0.023715734481811523,9.429896354675293,0.8168380367990818,1.8168380367990817,646,True
25,0.1,6,11.275829734991854,6.752535691213238,0.012127876281738281,11.811218023300171,0.6698659956236247,1.6698659956236246,647,True
25,0.1,7,10.330264018733393,6.212144551935062,0.012685298919677734,9.126846551895142,0.6629143015539698,1.6629143015539698,648,True
25,0.1,8,9.570510888520761,6.663281425990002,0.013260364532470703,7.2707438468933105,0.43630596948692074,1.4363059694869207,649,True
25,0.1,9,10.687423367709462,6.522406509469952,0.025717735290527344,11.471539497375488,0.6385705724094746,1.6385705724094746,650,True
25,0.1,10,9.383678976286703,5.996431144207115,0.015140533447265625,8.92776107788086,0.5648772996170992,1.5648772996170992,651,True
25,0.1,11,10.15857763895056,7.186899476214478,0.012575864791870117,9.557758331298828,0.41348542199192406,1.413485421991924,652,True
25,0.1,12,10.554728568565517,5.830401108595028,0.013378381729125977,11.720259666442871,0.8102920145589995,1.8102920145589994,653,True
25,0.1,13,10.094341480814125,5.606913870699701,0.013637781143188477,9.724705934524536,0.8003382455301432,1.8003382455301433,654,True
25,0.1,14,9.740365947506533,6.877696201488008,0.01148223876953125,12.429676055908203,0.4162250937165818,1.416225093716582,655,True
25,0.1,15,9.966010047516756,6.17436028323257,0.013244390487670898,8.92604112625122,0.6140959695178457,1.6140959695178458,656,True
25,0.1,16,11.208568046193282,6.234136761898808,0.011753082275390625,10.498531818389893,0.7979342568640327,1.7979342568640329,657,True
25,0.1,17,11.212984319911836,6.171480476960878,0.011900663375854492,9.986872673034668,0.8169034742590043,1.8169034742590044,658,True
25,0.1,18,11.167984319896915,6.517140065071867,0.019284486770629883,8.461975574493408,0.713632699065485,1.713632699065485,659,True
25,0.1,19,10.542972213906054,5.79037348498238,0.010605573654174805,10.233493328094482,0.8207758517217886,1.8207758517217885,660,True
25,0.1,20,10.664062999121766,5.746822269225816,0.023197650909423828,9.550709962844849,0.8556451721550069,1.855645172155007,661,True
25,0.1,21,10.957542752672188,6.811570674757968,0.03238677978515625,10.910761833190918,0.6086660883191285,1.6086660883191286,662,True
25,0.1,22,10.885495634261822,5.96372429527993,0.018447399139404297,10.799039363861084,0.8252848547806434,1.8252848547806433,663,True
25,0.1,23,10.837978791470869,6.4538075261561945,0.01268625259399414,8.580838918685913,0.6793154657225781,1.679315465722578,664,True
25,0.1,24,10.911879443073799,6.377096602489308,0.01298975944519043,10.98801064491272,0.7111046175487341,1.711104617548734,665,True
25,0.1,25,10.70479345877927,6.445455402735341,0.011742115020751953,9.6363525390625,0.6608281013373141,1.660828101337314,666,True
25,0.1,26,10.627059748234473,6.289158891769282,0.012996196746826172,9.104700088500977,0.6897426080524484,1.6897426080524485,667,True
25,0.1,27,11.748792230474999,6.981943747357131,0.010864973068237305,8.472234010696411,0.6827394570347632,1.6827394570347634,668,True
25,0.1,28,10.26395026265068,6.705354471985434,0.03148460388183594,11.800536870956421,0.5307095703191895,1.5307095703191895,669,True
25,0.1,29,9.972668361816867,6.503909198707601,0.023736000061035156,10.81580114364624,0.5333345003953234,1.5333345003953234,670,True
25,0.1,30,9.683267414567254,6.39838649223212,0.011122703552246094,9.823474168777466,0.5133920756933177,1.5133920756933177,671,True
25,0.1,31,10.49625402133196,5.995516428350161,0.012079000473022461,9.250540971755981,0.7506838896645818,1.7506838896645818,672,True
25,0.1,32,11.389352408976503,6.222728023205966,0.014881610870361328,8.531910181045532,0.8302828544816713,1.8302828544816712,673,True
25,0.1,33,10.325529739792687,6.523381490902029,0.018949270248413086,10.688489437103271,0.5828492867071172,1.582849286707117,674,True
25,0.1,34,10.749299094088798,6.020381187409739,0.013351917266845703,9.785690784454346,0.7854847989639788,1.7854847989639788,675,True
25,0.1,35,10.751676206342522,6.284574475597316,0.012401342391967773,8.471664190292358,0.710804167902017,1.710804167902017,676,True
25,0.1,36,10.638245871291053,6.260084060623436,0.013237476348876953,8.425567626953125,0.6993774793227936,1.6993774793227936,677,True
25,0.1,37,10.178507218915051,6.7853928442625016,0.011403322219848633,15.035534143447876,0.5000615959209572,1.5000615959209571,678,True
25,0.1,38,11.266508352625529,6.86512424678818,0.022992372512817383,13.583356142044067,0.6411222794542311,1.641122279454231,679,True
25,0.1,39,11.094347666586007,6.3094199627293595,0.010889768600463867,9.23736047744751,0.7583783821843998,1.7583783821843997,680,True
25,0.1,40,10.293194631212852,6.229750567624193,0.017002344131469727,9.603737592697144,0.6522643273562577,1.6522643273562578,681,True
25,0.1,41,11.105069059844482,6.490529527061232,0.012085914611816406,7.392895221710205,0.7109650319813906,1.7109650319813907,682,True
25,0.1,42,9.91605590648467,6.752963807376729,0.010667085647583008,8.269381046295166,0.4684005703766215,1.4684005703766214,683,True
25,0.1,43,10.344721813965519,6.086738501372717,0.012358427047729492,7.857389211654663,0.6995508861819045,1.6995508861819044,684,True
25,0.1,44,10.974040843781303,6.204370134816146,0.011037588119506836,8.798080205917358,0.7687598588291665,1.7687598588291666,685,True
25,0.1,45,11.277233902428636,6.081603629158568,0.013992786407470703,9.718371868133545,0.854319122074866,1.854319122074866,686,True
25,0.1,46,11.288013180065143,6.341887054274992,0.012816190719604492,8.999347448348999,0.7799139409863858,1.7799139409863858,687,True
25,0.1,47,10.228540385579452,6.07410283307378,0.012288093566894531,10.573814153671265,0.6839590416356736,1.6839590416356736,688,True
25,0.1,48,11.045028977050826,6.574958057182938,0.013029098510742188,9.980913639068604,0.6798630319754625,1.6798630319754624,689,True
25,0.1,49,10.270819059320727,6.932628746624193,0.011254310607910156,11.254364967346191,0.48151869005275216,1.4815186900527522,690,True
25,0.1,50,11.51984513692915,6.578188819200767,0.023440122604370117,10.896387815475464,0.751218375383877,1.751218375383877,691,True
25,0.1,51,11.604474591272606,6.651332785420908,0.027121782302856445,9.634334087371826,0.7446841055237103,1.7446841055237103,692,True
25,0.1,52,10.84291818684241,6.417140863006369,0.010766267776489258,9.856506586074829,0.6896805630915519,1.689680563091552,693,True
25,0.1,53,9.708518414024232,5.568845636381044,0.012780904769897461,8.192373275756836,0.7433628166309498,1.7433628166309498,694,True
25,0.1,54,10.02611919547234,6.132631384078288,0.0258791446685791,9.950198411941528,0.6348804562919655,1.6348804562919657,695,True
25,0.1,55,11.732800689996886,6.446322907957866,0.015516042709350586,6.520796775817871,0.8200764773221275,1.8200764773221276,696,True
25,0.1,56,11.061174323649048,6.107212643200168,0.022243499755859375,8.146432876586914,0.8111657428474626,1.8111657428474626,697,True
25,0.1,57,10.757141449383226,6.897222312787619,0.030214309692382812,10.128982067108154,0.5596338586098961,1.5596338586098961,698,True
25,0.1,58,10.82051823776526,6.180156390552854,0.013946056365966797,10.817568063735962,0.7508486119066148,1.750848611906615,699,True
25,0.1,59,10.655119460174758,5.812816532363971,0.011635541915893555,10.758110046386719,0.8330390097210768,1.833039009721077,700,True
25,0.1,60,11.112770091117671,6.408112543540147,0.019797086715698242,9.307485818862915,0.7341721162997001,1.7341721162997001,701,True
25,0.1,61,11.205960874412074,6.211170625548054,0.013031244277954102,9.983344078063965,0.8041624598621127,1.8041624598621127,702,True
25,0.1,62,9.94359431084103,7.198535893136579,0.019757747650146484,9.55226182937622,0.381335657480255,1.3813356574802549,703,True
25,0.1,63,11.46514403952201,7.073843356130103,0.011909961700439453,8.816023588180542,0.6207800289479778,1.620780028947978,704,True
25,0.2,0,20.17426285175472,9.315358272729103,0.011257410049438477,10.965198755264282,1.1656990811416534,2.1656990811416534,705,True
25,0.2,1,19.50291488109883,9.778216207371814,0.019034624099731445,14.460675239562988,0.9945268612894395,1.9945268612894396,706,True
25,0.2,2,20.730939790325582,9.665400812287219,0.025098800659179688,11.557615041732788,1.1448608488094159,2.144860848809416,707,True
25,0.2,3,20.943856930714855,10.300113278099165,0.011893749237060547,14.114624261856079,1.0333618053742357,2.033361805374236,708,True
25,0.2,4,21.599485211121493,9.64036156247191,0.010688304901123047,11.312218189239502,1.2405264648168564,2.2405264648168566,709,True
25,0.2,5,20.059107741447363,10.109316051887406,0.01980733871459961,13.006111145019531,0.9842200637997003,1.9842200637997003,710,True
25,0.2,6,19.656811031774183,10.13309447824605,0.018377065658569336,14.908231258392334,0.9398626030748904,1.9398626030748904,711,True
25,0.2,7,19.560779707861556,9.109993229408824,0.013045787811279297,11.630370616912842,1.1471782925936287,2.1471782925936287,712,True
25,0.2,8,21.573696644887317,10.306932773269022,0.012668371200561523,13.633877992630005,1.0931248043878379,2.093124804387838,713,True
25,0.2,9,20.48174264644507,9.73651504761627,0.011045217514038086,11.078394412994385,1.1036009851861202,2.10360098518612,714,True
25,0.2,10,21.652109458238684,9.090949834380528,0.010908842086791992,11.022757530212402,1.381721366050646,2.381721366050646,715,True
25,0.2,11,19.96119166926469,9.822147485865896,0.0305941104888916,14.410610914230347,1.032263483926393,2.032263483926393,716,True
25,0.2,12,20.37277723576948,9.183904274288503,0.012357950210571289,9.950334787368774,1.2183133259354233,2.2183133259354233,717,True
25,0.2,13,21.21198940545283,10.39915792480602,0.01420283317565918,13.079827070236206,1.0397795243453334,2.0397795243453336,718,True
25,0.2,14,18.49112043442958,11.03161532933564,0.017404556274414062,17.018684148788452,0.6761933662840267,1.6761933662840267,719,True
25,0.2,15,19.73917554243202,9.93494292396282,0.021823644638061523,12.52789044380188,0.9868433763038182,1.9868433763038182,720,True
25,0.2,16,20.992686764063,9.73965931066718,0.01941680908203125,11.703949213027954,1.155382041040301,2.155382041040301,721,True
25,0.2,17,19.974268465841345,10.80636594593816,0.010540008544921875,12.327584981918335,0.8483797944441414,1.8483797944441414,722,True
25,0.2,18,20.589818135223616,9.865743060701112,0.01219487190246582,9.193763971328735,1.0870012535842783,2.0870012535842783,723,True
25,0.2,19,19.772782225136453,10.189455774833986,0.01246333122253418,11.96911096572876,0.9405140629759106,1.9405140629759106,724,True
25,0.2,20,19.884103481040906,8.793671612950213,0.011121988296508789,10.608990669250488,1.2611833095698162,2.2611833095698164,725,True
25,0.2,21,20.90550073948218,10.65299323901482,0.011356592178344727,12.193977117538452,0.9624062712176752,1.9624062712176753,726,True
25,0.2,22,18.102544819293403,10.444233217200255,0.011853933334350586,10.896504163742065,0.7332574295143978,1.7332574295143979,727,True
25,0.2,23,19.37186215498543,9.086802027739251,0.01577281951904297,10.594765424728394,1.131867965853004,2.131867965853004,728,True
25,0.2,24,20.96926501140119,9.925830376743955,0.02130722999572754,9.587454557418823,1.1125955426894871,2.112595542689487,729,True
25,0.2,25,20.02521039837884,11.143877822645694,0.018993854522705078,15.727373838424683,0.7969696650554814,1.7969696650554814,730,True
25,0.2,26,20.504977351747986,9.728223117649163,0.011801004409790039,14.059413194656372,1.1077823877772077,2.107782387777208,731,True
25,0.2,27,18.911751244188906,10.052264156202103,0.012161970138549805,15.81837773323059,0.8813424468676171,1.881342446867617,732,True
25,0.2,28,19.966908744823286,9.722031814125975,0.022632598876953125,11.375350952148438,1.053779408108051,2.053779408108051,733,True
25,0.2,29,17.627089324876582,10.456792268197514,0.011734485626220703,12.119919061660767,0.6857071339636591,1.6857071339636591,734,True
25,0.2,30,19.316534968276105,9.849026338664109,0.012917757034301758,13.51208233833313,0.9612634085915279,1.961263408591528,735,True
25,0.2,31,20.612824625088898,9.736731944766449,0.01962590217590332,11.694735288619995,1.1170167507968023,2.1170167507968025,736,True
25,0.2,32,20.58154296818945,9.12170528672605,0.02731800079345703,7.656996250152588,1.2563262373911392,2.2563262373911392,737,True
25,0.2,33,21.802846681201952,10.243586554643365,0.023094892501831055,17.491638898849487,1.128438761648266,2.1284387616482663,738,True
25,0.2,34,19.623704442872565,10.140160258685242,0.013954877853393555,10.582329750061035,0.9352459864788119,1.9352459864788119,739,True
25,0.2,35,19.620483238549284,9.382576315468908,0.013184309005737305,10.362010717391968,1.0911615934528875,2.0911615934528873,740,True
25,0.2,36,19.446163504786444,9.550069674387958,0.01111149787902832,12.171787738800049,1.0362326315732042,2.036232631573204,741,True
25,0.2,37,17.340416899777946,9.722768143483076,0.012225627899169922,12.698217868804932,0.7834855921562611,1.7834855921562611,742,True
25,0.2,38,19.38654435390914,10.047456151933892,0.01117253303527832,11.089475154876709,0.9294977814038732,1.9294977814038732,743,True
25,0.2,39,18.049176092415006,9.271851351874341,0.011696338653564453,13.93058443069458,0.9466636605176263,1.9466636605176262,744,True
25,0.2,40,18.2742750716682,10.216832185359088,0.011838674545288086,11.405977487564087,0.7886439495263099,1.78864394952631,745,True
25,0.2,41,21.026451789759072,10.24963933787479,0.02600550651550293,14.67734956741333,1.0514333330794836,2.051433333079484,746,True
25,0.2,42,19.279169489344888,9.037204416918847,0.011489629745483398,10.584355354309082,1.1333112099635283,2.1333112099635283,747,True
25,0.2,43,20.10455173652589,10.292980104612237,0.010537862777709961,11.684829473495483,0.9532294371692348,1.953229437169235,748,True
25,0.2,44,20.678050043829465,10.33613662438471,0.011382579803466797,12.083077907562256,1.0005588930632374,2.0005588930632374,749,True
25,0.2,45,20.638433760835564,10.327394846978175,0.013428926467895508,10.649208307266235,0.9984162575980553,1.9984162575980553,750,True
25,0.2,46,20.115482739572382,9.659363284283062,0.01285409927368164,12.40252423286438,1.0824853717120957,2.082485371712096,751,True
25,0.2,47,21.267915272587015,10.16190768149934,0.02006077766418457,12.582902669906616,1.0929057750944886,2.0929057750944886,752,True
25,0.2,48,19.40106311962231,9.873885324691503,0.021483182907104492,13.22064757347107,0.9648864131636521,1.964886413163652,753,True
25,0.2,49,18.64902698291096,9.959752184728849,0.02743363380432129,15.458095073699951,0.8724388556077989,1.8724388556077989,754,True
25,0.2,50,19.745285270334065,9.364103349111566,0.009962081909179688,10.833717584609985,1.1086146248276327,2.108614624827633,755,True
25,0.2,51,21.607779058095957,9.468633694175512,0.022162914276123047,15.223883390426636,1.2820377000525067,2.282037700052507,756,True
25,0.2,52,19.524543303360144,10.208747478906805,0.02752208709716797,17.571943998336792,0.9125307334422296,1.9125307334422297,757,True
25,0.2,53,19.650091176868912,10.575568428447879,0.011324405670166016,12.635510683059692,0.8580647754130086,1.8580647754130086,758,True
25,0.2,54,19.985510667465718,9.462640129059823,0.011650323867797852,11.198971033096313,1.1120438265521795,2.1120438265521795,759,True
25,0.2,55,20.411969590651154,10.255721907513221,0.019841670989990234,12.119716882705688,0.9903006121585244,1.9903006121585243,760,True
25,0.2,56,20.44168149461054,9.810371612799706,0.017843008041381836,13.710862636566162,1.0836806495627584,2.0836806495627584,761,True
25,0.2,57,21.550735562277005,10.011487450942507,0.01387929916381836,15.301480054855347,1.1526007666571227,2.1526007666571227,762,True
25,0.2,58,18.651031964367597,10.117755614115953,0.02112436294555664,12.32460618019104,0.8433961716120424,1.8433961716120424,763,True
25,0.2,59,17.645153636183835,10.591175939324275,0.01090693473815918,12.402155876159668,0.6660240314457102,1.6660240314457102,764,True
25,0.2,60,19.175379337073963,9.32445608157358,0.015486955642700195,11.466598987579346,1.0564608990938544,2.0564608990938544,765,True
25,0.2,61,19.021996708835083,9.900168167406736,0.020578861236572266,17.608301162719727,0.9213811712268855,1.9213811712268853,766,True
25,0.2,62,18.205255664821813,9.64921214528543,0.021712064743041992,11.121660232543945,0.8867090277123645,1.8867090277123646,767,True
25,0.2,63,21.014683403228336,9.865225797738296,0.021334409713745117,12.228880167007446,1.1301776395271326,2.130177639527133,768,True
30,0.05,0,6.674036714168164,5.387426161007337,0.02076578140258789,13.902474880218506,0.23881729692611833,1.2388172969261184,769,True
30,0.05,1,7.044697091191208,5.879935750269235,0.01617264747619629,11.003094673156738,0.19809082792590715,1.1980908279259073,770,True
30,0.05,2,6.809554745985394,5.080392719577219,0.040741920471191406,10.378188371658325,0.3403599134659166,1.3403599134659165,771,True
30,0.05,3,6.677112661559662,5.316062975189727,0.01910543441772461,10.658812522888184,0.25602587718053893,1.256025877180539,772,True
30,0.05,4,7.724457146630643,5.851766436506661,0.023592710494995117,13.74678921699524,0.32002143804665,1.32002143804665,773,True
30,0.05,5,6.794997496450987,5.452498072271151,0.013532400131225586,10.493315935134888,0.24621731294269666,1.2462173129426966,774,True
30,0.05,6,7.51092373856766,6.022869663686665,0.037554264068603516,11.075130939483643,0.24706728818204932,1.2470672881820493,775,True
30,0.05,7,6.58824057329345,5.284177559424737,0.015616416931152344,9.476670503616333,0.2467863729413891,1.246786372941389,776,True
30,0.05,8,6.783955565128271,5.114497851099575,0.033524513244628906,12.279361009597778,0.32641673975281393,1.326416739752814,777,True
30,0.05,9,7.043296868418662,5.694526354902152,0.05189394950866699,10.77317500114441,0.23685385393912817,1.2368538539391283,778,True
30,0.05,10,7.239090909432716,5.575082052083298,0.026360034942626953,9.545758485794067,0.2984725322074158,1.2984725322074158,779,True
30,0.05,11,6.837830744578403,5.1075710095390745,0.029912233352661133,7.584239482879639,0.3387637160223198,1.3387637160223198,780,True
30,0.05,12,8.1548892189518,5.501070049142211,0.034548044204711914,9.639551877975464,0.48241871964953487,1.4824187196495349,781,True
30,0.05,13,7.580254869613068,5.652558979709024,0.034056901931762695,12.779374361038208,0.3410306547572327,1.3410306547572326,782,True
30,0.05,14,6.838356890164068,5.260224005793495,0.016036272048950195,8.974543571472168,0.30001248666073016,1.30001248666073,783,True
30,0.05,15,6.969668000497368,5.7155132942895674,0.01754617691040039,9.231459140777588,0.2194299342214531,1.2194299342214532,784,True
30,0.05,16,6.996152442602399,5.283800966792337,0.032433509826660156,14.303841590881348,0.32407569599458,1.32407569599458,785,True
30,0.05,17,7.713656100269184,5.039710092923281,0.02064657211303711,10.417819023132324,0.5305753620829572,1.5305753620829572,786,True
30,0.05,18,7.021652523115272,5.433620630846848,0.015010356903076172,10.35555100440979,0.29226035458808325,1.2922603545880833,787,True
30,0.05,19,7.839131169386622,5.429998265968943,0.01602482795715332,8.058135747909546,0.4436710262904268,1.4436710262904269,788,True
30,0.05,20,7.324134069274638,5.37083087131116,0.01584601402282715,10.640170812606812,0.3636873408911918,1.3636873408911918,789,True
30,0.05,21,6.3392458965241865,5.596831173793682,0.014711856842041016,11.536495923995972,0.13264911870251686,1.132649118702517,790,True
30,0.05,22,7.289704574523778,5.929937620195956,0.01648712158203125,12.039118766784668,0.22930543985771115,1.2293054398577112,791,True
30,0.05,23,6.759597574310889,4.63641064475897,0.03433799743652344,8.985484600067139,0.4579376358632045,1.4579376358632046,792,True
30,0.05,24,6.99295564434406,5.5880721048462885,0.015143394470214844,9.90379810333252,0.25140755400764747,1.2514075540076475,793,True
30,0.05,25,6.913463092986413,4.907474214711358,0.029147624969482422,8.79252290725708,0.4087619802996849,1.408761980299685,794,True
30,0.05,26,6.3638308264093855,5.441715692590515,0.03398919105529785,11.55036211013794,0.16945301553964498,1.169453015539645,795,True
30,0.05,27,7.10874173191728,4.81475620512132,0.028202295303344727,12.110785007476807,0.476448947582416,1.476448947582416,796,True
30,0.05,28,6.436287849628232,5.245632775775104,0.02786111831665039,7.156777381896973,0.22698025667212174,1.2269802566721217,797,True
30,0.05,29,7.3449981061437875,5.769907726326386,0.029186248779296875,7.811687707901001,0.2729836341456085,1.2729836341456084,798,True
30,0.05,30,7.617489763996678,5.863734206612422,0.04166865348815918,8.588574409484863,0.29908510440438774,1.2990851044043878,799,True
30,0.05,31,7.506124231032494,5.316957581405845,0.02228856086730957,8.350586891174316,0.4117329536881159,1.411732953688116,800,True
30,0.05,32,7.063012156301337,5.654026748547335,0.018998146057128906,8.961282014846802,0.2492003434748529,1.2492003434748529,801,True
30,0.05,33,6.792022875706732,5.382102768190469,0.018393516540527344,8.637299060821533,0.261964545874009,1.261964545874009,802,True
30,0.05,34,6.083919758638166,5.264625683121411,0.021002769470214844,11.028263807296753,0.15562247438473042,1.1556224743847305,803,True
30,0.05,35,6.683023895445778,5.229748161544058,0.031178951263427734,12.825815200805664,0.2778863702440019,1.277886370244002,804,True
30,0.05,36,7.56164806543679,5.44552546509599,0.01886749267578125,9.14859414100647,0.38859842156729285,1.3885984215672929,805,True
30,0.05,37,7.100335204066089,5.783140338123205,0.033446550369262695,11.043015956878662,0.227764638056553,1.227764638056553,806,True
30,0.05,38,7.86899932177296,5.688819196518185,0.014552116394042969,9.891759872436523,0.3832394825606592,1.3832394825606593,807,True
30,0.05,39,7.01612706655047,5.104430145235991,0.01936817169189453,9.843502759933472,0.37451720699884244,1.3745172069988425,808,True
30,0.05,40,5.812132205070549,5.209999468126386,0.015439987182617188,11.745965957641602,0.1155725140910045,1.1155725140910044,809,True
30,0.05,41,6.329480087452422,5.685384786140423,0.01709604263305664,8.874245882034302,0.11328965857898417,1.1132896585789842,810,True
30,0.05,42,7.0718962347393495,5.566628286885428,0.026061058044433594,10.648694515228271,0.27040928013825233,1.2704092801382523,811,True
30,0.05,43,6.6308243578544275,5.405651728926386,0.014590978622436523,11.269110202789307,0.22664660809944057,1.2266466080994405,812,True
30,0.05,44,7.850177385132172,5.520460327763355,0.03213214874267578,9.999553918838501,0.4220149985776122,1.4220149985776123,813,True
30,0.05,45,6.634524067485778,4.8767884524344725,0.015466451644897461,9.884496212005615,0.3604289241157982,1.360428924115798,814,True
30,0.05,46,7.060073758704733,5.382876323430813,0.0175325870513916,9.541990756988525,0.31158015427056035,1.3115801542705603,815,True
30,0.05,47,7.154725008102523,5.232983484328742,0.015535593032836914,13.022131204605103,0.36723630592927253,1.3672363059292725,816,True
30,0.05,48,6.698119586531258,5.780478257698639,0.017520904541015625,11.17352843284607,0.15874834017591422,1.1587483401759142,817,True
30,0.05,49,6.332537755336428,5.275610729184131,0.03333139419555664,11.129695415496826,0.2003421177960471,1.2003421177960472,818,True
30,0.05,50,7.598275523307292,5.379345976582927,0.016254186630249023,7.293193101882935,0.4124905808965786,1.4124905808965786,819,True
30,0.05,51,5.870815306737427,5.088683907382065,0.026942968368530273,9.202406406402588,0.15370013417825726,1.1537001341782573,820,True
30,0.05,52,7.078007739024859,5.332109206267549,0.0289459228515625,11.396820545196533,0.32743112813689546,1.3274311281368956,821,True
30,0.05,53,7.176786581614731,5.734815742587554,0.028177499771118164,7.714853048324585,0.25144152903098477,1.2514415290309848,822,True
30,0.05,54,6.5688219467057065,5.476569638428238,0.030963420867919922,11.865525007247925,0.19944096038025408,1.199440960380254,823,True
30,0.05,55,7.405811562033748,5.541463677735962,0.025709867477416992,10.882834672927856,0.3364360018794692,1.3364360018794692,824,True
30,0.05,56,8.01017995953343,5.110738018474528,0.03047347068786621,8.802082777023315,0.5673235314699887,1.5673235314699887,825,True
30,0.05,57,8.117980170304232,5.782064557108528,0.016839027404785156,9.970553398132324,0.40399334703447853,1.4039933470344785,826,True
30,0.05,58,6.811564661395626,5.150090023947278,0.032546043395996094,10.14218544960022,0.3226107950973084,1.3226107950973085,827,True
30,0.05,59,7.473625818856655,5.474975276025014,0.037455081939697266,9.829225540161133,0.3650519759575457,1.3650519759575457,828,True
30,0.05,60,7.38295351894604,5.271432608054014,0.025537967681884766,12.181649684906006,0.40055921566101704,1.4005592156610172,829,True
30,0.05,61,6.8280178978925345,5.897878104936623,0.017255067825317383,9.992431879043579,0.15770753081135544,1.1577075308113554,830,True
30,0.05,62,7.850237168007977,5.300674458956242,0.0295712947845459,9.772022008895874,0.4809883588953265,1.4809883588953265,831,True
30,0.05,63,7.715173506434891,5.095709743088305,0.016372203826904297,10.328245639801025,0.5140527807533706,1.5140527807533706,832,True
30,0.1,0,13.305103119548098,7.335690011450547,0.02971339225769043,17.964772701263428,0.8137493676504428,1.8137493676504428,833,True
30,0.1,1,11.383311421858638,7.484583941383564,0.01799178123474121,12.936506748199463,0.5209010295039024,1.5209010295039025,834,True
30,0.1,2,11.211527737894922,7.034979625361924,0.017250537872314453,12.161717414855957,0.593683043157091,1.593683043157091,835,True
30,0.1,3,11.839681198475922,7.065319983729676,0.014262914657592773,14.27612590789795,0.6757459288101391,1.675745928810139,836,True
30,0.1,4,12.763973914335274,6.879436105733232,0.01599287986755371,12.195385932922363,0.8553808361848066,1.8553808361848068,837,True
30,0.1,5,13.085688864982032,7.911940409734887,0.014836549758911133,15.81708312034607,0.6539165093914687,1.6539165093914687,838,True
30,0.1,6,11.850248442129534,7.418494294018666,0.014563322067260742,13.11467170715332,0.5973926746407384,1.5973926746407383,839,True
30,0.1,7,13.018533887091417,7.410678405156633,0.045630455017089844,15.38365387916565,0.7567263312941261,1.7567263312941261,840,True
30,0.1,8,11.665374679871281,7.000937399527491,0.030173301696777344,12.133797407150269,0.6662589613583181,1.666258961358318,841,True
30,0.1,9,12.231529237093108,6.761542576412033,0.02887105941772461,17.851147890090942,0.8089850206317396,1.8089850206317397,842,True
30,0.1,10,12.108411790264746,7.324432833825517,0.03455376625061035,15.612115144729614,0.6531535021177305,1.6531535021177304,843,True
30,0.1,11,11.984591827774018,7.250546619666659,0.014931201934814453,17.326384782791138,0.6529225252157616,1.6529225252157616,844,True
30,0.1,12,12.337821336648856,6.64188532914374,0.022220134735107422,11.098271369934082,0.8575781913174683,1.8575781913174683,845,True
30,0.1,13,12.549538018251303,7.188101275989567,0.018688201904296875,12.535157918930054,0.745876628111871,1.7458766281118712,846,True
30,0.1,14,13.182410854721795,6.984996152380104,0.013878822326660156,13.340632438659668,0.8872466880643809,1.887246688064381,847,True
30,0.1,15,12.531424425711087,7.377037377134409,0.018161773681640625,12.878174304962158,0.6987069178411682,1.6987069178411682,848,True
30,0.1,16,12.840847104300135,7.341863010588486,0.02527451515197754,16.088195323944092,0.7489902884024091,1.748990288402409,849,True
30,0.1,17,11.784441942334483,7.424440573444184,0.030095815658569336,16.034955501556396,0.5872498171088064,1.5872498171088065,850,True
30,0.1,18,12.876502295836822,7.192914701036409,0.0164337158203125,13.149309158325195,0.7901647428102377,1.7901647428102379,851,True
30,0.1,19,13.243941970644029,7.638491905771941,0.0183413028717041,14.712600469589233,0.733842508969132,1.733842508969132,852,True
30,0.1,20,13.310366531405501,7.021562941437186,0.015103816986083984,14.021517038345337,0.8956415604929564,1.8956415604929564,853,True
30,0.1,21,12.007425642369915,7.129219633127842,0.037198543548583984,14.108603954315186,0.6842552565745308,1.6842552565745308,854,True
30,0.1,22,12.069891406958941,7.060297430181372,0.03135204315185547,16.326444149017334,0.7095443253371378,1.7095443253371378,855,True
30,0.1,23,11.774631135646857,6.957001892774154,0.028570890426635742,18.420950889587402,0.6924864068064295,1.6924864068064294,856,True
30,0.1,24,11.275138004943225,6.6617512997711055,0.029668331146240234,13.923623085021973,0.6925186032283482,1.6925186032283481,857,True
30,0.1,25,12.502740191883595,7.0688520222661,0.02866339683532715,12.572900295257568,0.7687087171299314,1.7687087171299314,858,True
30,0.1,26,12.732408947757243,7.503216466946121,0.02621746063232422,12.927728176116943,0.6969267785152214,1.6969267785152216,859,True
30,0.1,27,12.899434776712553,7.143416551700476,0.03233218193054199,14.967442274093628,0.8057794450810613,1.8057794450810614,860,True
30,0.1,28,12.052667099831131,7.437722752949252,0.05464458465576172,14.830363035202026,0.6204781356029885,1.6204781356029885,861,True
30,0.1,29,12.170260364519692,7.50034274352869,0.02725076675415039,19.46472477912903,0.622627229271651,1.622627229271651,862,True
30,0.1,30,11.540655428108431,6.849165597804398,0.030388355255126953,15.009832382202148,0.6849724631870429,1.6849724631870429,863,True
30,0.1,31,11.874829784231226,7.981764459679487,0.017304182052612305,13.910794019699097,0.48774495216162617,1.4877449521616262,864,True
30,0.1,32,12.098759272976134,6.49320442744799,0.03517580032348633,19.349427700042725,0.8632956051456525,1.8632956051456526,865,True
30,0.1,33,11.896520370386693,7.630481074484026,0.029654741287231445,11.646791934967041,0.5590786811814663,1.5590786811814663,866,True
30,0.1,34,12.054070377032115,7.460312268036758,0.016313552856445312,14.658538579940796,0.6157594942341793,1.6157594942341793,867,True
30,0.1,35,13.054501846053698,7.112938002895396,0.02174544334411621,15.549249649047852,0.8353178167361682,1.8353178167361683,868,True
30,0.1,36,12.171792317301241,7.4966914120961885,0.03294038772583008,14.732494115829468,0.6236218950751534,1.6236218950751533,869,True
30,0.1,37,13.509532660725094,7.066608157005618,0.029369831085205078,12.51364278793335,0.9117421485061626,1.9117421485061628,870,True
30,0.1,38,11.171654718125687,7.272985657411706,0.016108989715576172,14.026992321014404,0.5360479511933248,1.5360479511933247,871,True
30,0.1,39,13.025127656708705,7.114497325709121,0.027691364288330078,17.008493423461914,0.8307867809073152,1.8307867809073153,872,True
30,0.1,40,11.0810508037477,6.470310216437301,0.019617795944213867,11.717086553573608,0.7125996178045968,1.7125996178045968,873,True
30,0.1,41,13.669477028392846,6.801855995900775,0.04013323783874512,11.821061849594116,1.009668689932708,2.0096686899327083,874,True
30,0.1,42,12.84281532177385,6.345476839657748,0.03339409828186035,11.366108179092407,1.0239322664467474,2.023932266446747,875,True
30,0.1,43,11.95379216400263,6.766441920619489,0.031270742416381836,14.958082675933838,0.7666289468288562,1.7666289468288563,876,True
30,0.1,44,12.192705160488634,7.383622888496321,0.03261733055114746,12.040475130081177,0.6513174283974957,1.6513174283974958,877,True
30,0.1,45,11.338446629584663,6.677197804242608,0.023599863052368164,14.819560050964355,0.698084580088425,1.698084580088425,878,True
30,0.1,46,13.261586233624694,7.466754396145518,0.031033754348754883,14.206131219863892,0.7760844310709589,1.776084431070959,879,True
30,0.1,47,12.734499364452349,7.010516187441591,0.013087272644042969,10.706729173660278,0.8164852664151199,1.8164852664151199,880,True
30,0.1,48,12.434363603803625,6.768387276558558,0.0211336612701416,13.061027765274048,0.837123541507214,1.837123541507214,881,True
30,0.1,49,11.633653917496446,7.308736712254095,0.040955305099487305,14.432113885879517,0.591746203963133,1.591746203963133,882,True
30,0.1,50,11.814002187193028,7.418032784048645,0.027829408645629883,14.47858190536499,0.592605820319,1.592605820319,883,True
30,0.1,51,12.750741098263585,7.37083303461975,0.023938655853271484,12.648207426071167,0.7298914570951717,1.7298914570951718,884,True
30,0.1,52,12.627634128244413,7.3339034746133525,0.017879486083984375,18.093871593475342,0.7218162431446712,1.721816243144671,885,True
30,0.1,53,12.25181205833772,6.7912273186992715,0.025183439254760742,12.984179019927979,0.8040644913479819,1.8040644913479817,886,True
30,0.1,54,12.525232459595811,7.111863991763206,0.015396356582641602,13.501279830932617,0.761174352336074,1.7611743523360741,887,True
30,0.1,55,12.54652354629802,7.194455462160269,0.017903804779052734,10.659405946731567,0.7439156600923198,1.7439156600923198,888,True
30,0.1,56,12.392305182610714,7.346413022211815,0.015378713607788086,17.06879758834839,0.6868511401608771,1.686851140160877,889,True
30,0.1,57,12.833592877740394,7.445895232099714,0.033541202545166016,17.87043523788452,0.7235795666871571,1.7235795666871572,890,True
30,0.1,58,12.530681551433565,6.799481703193592,0.01782083511352539,12.53076457977295,0.8428877520985361,1.842887752098536,891,True
30,0.1,59,11.07607909289338,7.233125929964154,0.042626380920410156,13.328113555908203,0.5312990814952216,1.5312990814952216,892,True
30,0.1,60,12.154377812953282,6.86675471141635,0.03297734260559082,12.094144582748413,0.7700323258592553,1.7700323258592554,893,True
30,0.1,61,12.247634230984916,7.329059080318171,0.026680946350097656,13.509826183319092,0.6711059491763872,1.671105949176387,894,True
30,0.1,62,12.888608205404067,7.499680238772724,0.0178985595703125,11.777682304382324,0.7185543643275659,1.718554364327566,895,True
30,0.1,63,11.701588170029288,6.860300357736764,0.026831388473510742,15.44442105293274,0.7056961881898827,1.7056961881898827,896,True
30,0.2,0,24.10406047869534,11.21973372560673,0.01799464225769043,16.210792541503906,1.1483629708326135,2.1483629708326135,897,True
30,0.2,1,22.8587994351955,10.916976570523548,0.025337934494018555,22.23080539703369,1.0938763848697401,2.09387638486974,898,True
30,0.2,2,23.085500585388782,10.97938941619373,0.022143125534057617,16.966370582580566,1.1026215311517686,2.1026215311517684,899,True
30,0.2,3,20.766092197541656,11.917595879403217,0.022542476654052734,21.557791471481323,0.7424732645475083,1.7424732645475083,900,True
30,0.2,4,24.25794217552435,11.97244877887826,0.02434539794921875,15.388479709625244,1.0261470834872228,2.026147083487223,901,True
30,0.2,5,24.034367379460292,11.62436306348263,0.015635251998901367,13.465420722961426,1.067585746264506,2.067585746264506,902,True
30,0.2,6,23.90607431397051,10.791528852077368,0.0210113525390625,15.342323541641235,1.2152629754002457,2.215262975400246,903,True
30,0.2,7,23.875789393316445,11.114766422119493,0.03648662567138672,21.83925747871399,1.1481143630514128,2.148114363051413,904,True
30,0.2,8,21.564554356733094,11.604314706572696,0.01454925537109375,15.703385353088379,0.8583220898446426,1.8583220898446426,905,True
30,0.2,9,23.89918258229366,10.277437663086006,0.0178987979888916,17.96463894844055,1.325402825660871,2.325402825660871,906,True
30,0.2,10,21.56161087045557,11.969107076511166,0.017689228057861328,20.28871512413025,0.8014385478069004,1.8014385478069004,907,True
30,0.2,11,23.56531584117366,12.885563486207275,0.02773141860961914,22.052520513534546,0.8288153146269472,1.8288153146269472,908,True
30,0.2,12,22.68888791931001,11.247774783915991,0.018883466720581055,17.780795574188232,1.017189031181038,2.0171890311810383,909,True
30,0.2,13,23.387234382523797,11.603040647843128,0.030588865280151367,15.928963661193848,1.0156125529794826,2.0156125529794826,910,True
30,0.2,14,24.186580089914848,11.219723071856562,0.046244144439697266,17.3413724899292,1.155719881409927,2.1557198814099268,911,True
30,0.2,15,21.295284778061486,11.79067066883432,0.026205062866210938,23.025835275650024,0.8061131021452604,1.8061131021452603,912,True
30,0.2,16,22.81163588653752,11.57991707080688,0.01823902130126953,15.833810091018677,0.9699308507179163,1.9699308507179163,913,True
30,0.2,17,23.748822130789407,11.497158253802574,0.01676344871520996,21.377655744552612,1.0656254012103132,2.0656254012103132,914,True
30,0.2,18,23.872210408514327,11.175241278048485,0.01614522933959961,16.797796487808228,1.1361695747371903,2.13616957473719,915,True
30,0.2,19,23.2866278183407,11.221006858263188,0.014539957046508789,15.511589288711548,1.0752707945448183,2.0752707945448186,916,True
30,0.2,20,23.61532081792741,11.027246771459298,0.018150806427001953,14.97181510925293,1.1415427900868733,2.1415427900868735,917,True
30,0.2,21,24.129969325286773,12.488901897554971,0.03457307815551758,18.49098229408264,0.9321129690362004,1.9321129690362004,918,True
30,0.2,22,23.772670099565744,11.530400049044982,0.04531288146972656,20.438143014907837,1.0617385345215964,2.0617385345215964,919,True
30,0.2,23,24.195076195405793,10.39254369149275,0.021174192428588867,19.031853914260864,1.328118785318332,2.328118785318332,920,True
30,0.2,24,22.99427741138843,11.881595786345514,0.029286623001098633,22.649492740631104,0.935285278583013,1.935285278583013,921,True
30,0.2,25,24.192729287777976,11.638880995817669,0.016160011291503906,15.25788402557373,1.0786129952244914,2.0786129952244914,922,True
30,0.2,26,23.468775447179322,12.443814423289142,0.029578447341918945,17.838125467300415,0.8859792221954454,1.8859792221954454,923,True
30,0.2,27,23.791059443903222,11.522843323734216,0.014108419418334961,17.692635774612427,1.0646865339997729,2.064686533999773,924,True
30,0.2,28,23.019965818225355,11.176588596233517,0.02919316291809082,23.414573669433594,1.0596594050158585,2.0596594050158585,925,True
30,0.2,29,22.375333420637872,11.459771333870695,0.025580644607543945,19.1296443939209,0.9525113345416376,1.9525113345416376,926,True
30,0.2,30,22.74060753530419,10.615817878707956,0.017191171646118164,16.308374643325806,1.1421437137608406,2.1421437137608406,927,True
30,0.2,31,22.934780075094622,11.947514650033213,0.01323699951171875,17.994082927703857,0.9196277005637207,1.9196277005637206,928,True
30,0.2,32,25.00703793866203,11.507918459880806,0.01461648941040039,15.892609357833862,1.173028773695451,2.173028773695451,929,True
30,0.2,33,24.550831366401123,10.448999739111333,0.015793800354003906,14.779458284378052,1.349586752740136,2.349586752740136,930,True
30,0.2,34,22.810077549340242,11.460925360571828,0.01577615737915039,16.63848328590393,0.9902474566156815,1.9902474566156814,931,True
30,0.2,35,23.513972732817287,10.875828452724349,0.032895803451538086,16.28739285469055,1.162039685990738,2.162039685990738,932,True
30,0.2,36,21.64577369956479,12.217559342976367,0.032019615173339844,18.425644159317017,0.7716937640256698,1.7716937640256698,933,True
30,0.2,37,22.98701833373059,12.227757804405819,0.027756214141845703,17.339284420013428,0.8799046155009768,1.8799046155009769,934,True
30,0.2,38,22.703444209860113,10.936190708150571,0.028728246688842773,23.209158658981323,1.075991980730511,2.0759919807305107,935,True
30,0.2,39,23.699256414477787,11.687907761622798,0.01730179786682129,17.40712547302246,1.0276731214712533,2.027673121471253,936,True
30,0.2,40,22.705330328734554,12.053176938606645,0.01694798469543457,15.865166425704956,0.8837631310305235,1.8837631310305234,937,True
30,0.2,41,22.61748979517963,10.969383467989369,0.017949819564819336,14.59509825706482,1.0618742941370887,2.061874294137089,938,True
30,0.2,42,23.866931916275547,12.115231061550759,0.01454782485961914,18.810408115386963,0.9699939518298021,1.969993951829802,939,True
30,0.2,43,24.310160280606016,10.48390917307512,0.036006927490234375,17.304946184158325,1.3188068381057338,2.318806838105734,940,True
30,0.2,44,23.934619629353364,11.863986205857865,0.036009788513183594,19.656535387039185,1.0174180257842513,2.0174180257842513,941,True
30,0.2,45,24.302703268019187,11.925030244988157,0.017833232879638672,20.04309105873108,1.0379573693939357,2.037957369393936,942,True
30,0.2,46,21.775225821173617,11.239474171301483,0.015294075012207031,17.12684392929077,0.937388305653461,1.9373883056534609,943,True
30,0.2,47,24.81008339285771,11.841648697612708,0.03087162971496582,18.427160024642944,1.0951544862042273,2.095154486204227,944,True
30,0.2,48,24.15550423932887,11.265544619483698,0.040318965911865234,19.359015703201294,1.1441932063854292,2.144193206385429,945,True
30,0.2,49,23.134868829772678,11.132212188573495,0.019144773483276367,17.052098989486694,1.0781915074812483,2.078191507481248,946,True
30,0.2,50,23.751667861903154,12.838839937271517,0.0188446044921875,18.803054809570312,0.8499855109924213,1.8499855109924213,947,True
30,0.2,51,23.30598257334565,11.398554176311514,0.01579594612121582,17.84589457511902,1.0446437515540492,2.044643751554049,948,True
30,0.2,52,23.962192736006315,11.456907728288641,0.03450965881347656,17.1173677444458,1.0915061292533978,2.091506129253398,949,True
30,0.2,53,21.38970765400552,12.220260969920217,0.019999980926513672,18.17445182800293,0.7503478613636487,1.7503478613636487,950,True
30,0.2,54,22.405485445974193,10.013164382199331,0.03510141372680664,14.487017154693604,1.237602878646936,2.237602878646936,951,True
30,0.2,55,23.94027910526394,11.278646891803959,0.016927480697631836,18.822893857955933,1.1226197907358035,2.1226197907358033,952,True
30,0.2,56,24.0862775426611,11.479598630667482,0.023248672485351562,21.7113835811615,1.0981811575114802,2.09818115751148,953,True
30,0.2,57,23.95690033111072,12.018981123854996,0.02774667739868164,18.440601587295532,0.9932555084525109,1.993255508452511,954,True
30,0.2,58,23.54471418261543,10.821553225344267,0.02914118766784668,21.80491304397583,1.1757241028462806,2.1757241028462806,955,True
30,0.2,59,23.291567679217884,11.301907290074817,0.023960590362548828,18.56937551498413,1.060852834961071,2.060852834961071,956,True
30,0.2,60,24.981856345165287,11.224300837911949,0.019000530242919922,16.195782899856567,1.2256937608786196,2.2256937608786194,957,True
30,0.2,61,24.716787565760512,10.911120164562956,0.018627643585205078,20.37420630455017,1.2652841498378404,2.26528414983784,958,True
30,0.2,62,20.07467942374586,11.523969508135256,0.014943122863769531,21.10369873046875,0.741993451958919,1.7419934519589189,959,True
30,0.2,63,23.79259280826198,12.025969867234164,0.014741182327270508,19.342856645584106,0.9784344274042327,1.9784344274042327,960,True
35,0.05,0,7.838620581922766,6.082894096705489,0.024672746658325195,15.83503270149231,0.2886334131919512,1.2886334131919512,961,True
35,0.05,1,7.8626737973285135,6.002094214887276,0.03987312316894531,17.457945585250854,0.30998840001983896,1.309988400019839,962,True
35,0.05,2,7.62668484122215,5.833137213723209,0.023754358291625977,8.66679835319519,0.30747564505758385,1.307475645057584,963,True
35,0.05,3,8.343153598407696,5.754512974207577,0.025619983673095703,12.587615966796875,0.4498453015577025,1.4498453015577024,964,True
35,0.05,4,8.407863860627701,5.9664539297315695,0.02151036262512207,16.23319935798645,0.4091894380898992,1.4091894380898993,965,True
35,0.05,5,8.209084788714566,6.116609882444486,0.01985955238342285,14.101048231124878,0.34209716599317086,1.3420971659931709,966,True
35,0.05,6,8.317885921627296,5.47340554957368,0.04326796531677246,18.02772307395935,0.5196911404226515,1.5196911404226514,967,True
35,0.05,7,8.197092985376312,5.755477495874562,0.052298784255981445,11.8371741771698,0.4242246609863148,1.4242246609863147,968,True
35,0.05,8,8.161005008691058,5.909908778770904,0.021799087524414062,13.602606058120728,0.3809020264418224,1.3809020264418224,969,True
35,0.05,9,7.779489596370941,5.933885610447547,0.034438133239746094,13.469847679138184,0.31102790095480026,1.3110279009548003,970,True
35,0.05,10,8.75855756055704,6.479394048753787,0.06730413436889648,18.526794910430908,0.3517556571885941,1.351755657188594,971,True
35,0.05,11,6.93465095753145,6.331192994512112,0.022386550903320312,14.777026653289795,0.09531504781838368,1.0953150478183837,972,True
35,0.05,12,8.09482281530833,6.086956864139425,0.022105932235717773,14.537430763244629,0.3298636734224299,1.3298636734224298,973,True
35,0.05,13,8.555946773110314,5.9726398226734085,0.05791354179382324,14.92704153060913,0.4325234782499564,1.4325234782499565,974,True
35,0.05,14,7.702712294216238,5.718443667856711,0.03684663772583008,12.642077207565308,0.3469945218684364,1.3469945218684365,975,True
35,0.05,15,8.239266073225863,5.949427624570829,0.022116661071777344,10.466193914413452,0.3848838229745194,1.3848838229745195,976,True
35,0.05,16,8.897379737335918,6.144965035599201,0.024077892303466797,13.22340440750122,0.44791381005283887,1.4479138100528388,977,True
35,0.05,17,7.399087452491008,5.7153708783504,0.04388165473937988,13.133000135421753,0.2945944558940979,1.2945944558940978,978,True
35,0.05,18,8.760528024562353,6.298066803390089,0.04645490646362305,14.657271146774292,0.39098683739695866,1.3909868373969587,979,True
35,0.05,19,7.234644452105901,5.417579671551097,0.03622937202453613,12.737226486206055,0.33540157980446694,1.335401579804467,980,True
35,0.05,20,8.420170866998513,5.93834897242656,0.02179121971130371,12.82761549949646,0.41793129809240853,1.4179312980924086,981,True
35,0.05,21,8.111688616760988,6.244519526115769,0.02121710777282715,15.630737066268921,0.2990092484836283,1.2990092484836284,982,True
35,0.05,22,7.794992384764505,6.10904327944718,0.028792142868041992,11.600077867507935,0.2759759635341609,1.2759759635341608,983,True
35,0.05,23,7.834833061888584,5.9170367114600655,0.041854143142700195,14.068222761154175,0.3241143234271552,1.324114323427155,984,True
35,0.05,24,8.823758450186912,6.160694405571971,0.03838801383972168,17.10992980003357,0.4322668630027099,1.43226686300271,985,True
35,0.05,25,7.847531132833232,5.392341022685718,0.032758235931396484,10.399433135986328,0.45531061552273216,1.4553106155227322,986,True
35,0.05,26,8.113492313170802,6.224235987644069,0.019072294235229492,12.912158250808716,0.30353224544781987,1.30353224544782,987,True
35,0.05,27,8.266695963315428,5.740768650580397,0.04285097122192383,10.548494577407837,0.43999810242826237,1.4399981024282624,988,True
35,0.05,28,8.061913384488943,6.438575499239772,0.023781538009643555,17.121617555618286,0.2521268695910833,1.2521268695910832,989,True
35,0.05,29,7.940848135325745,6.220107695634738,0.019652366638183594,13.93164610862732,0.27664158305468256,1.2766415830546824,990,True
35,0.05,30,7.6358248517891205,5.670757717445907,0.03678083419799805,12.813408613204956,0.34652637835288685,1.346526378352887,991,True
35,0.05,31,8.26534993946276,6.131314995542665,0.04025578498840332,11.54296350479126,0.3480550168228991,1.348055016822899,992,True
35,0.05,32,8.065698643369942,5.331120500317156,0.07380867004394531,14.128796577453613,0.5129462263871359,1.512946226387136,993,True
35,0.05,33,9.290502223241315,6.05266742428158,0.025616884231567383,13.080167055130005,0.5349434508776185,1.5349434508776185,994,True
35,0.05,34,8.089444659651049,6.093211529758081,0.021370410919189453,13.777076959609985,0.3276159247293068,1.3276159247293067,995,True
35,0.05,35,8.092524520930757,6.4344919093440005,0.025068044662475586,18.83758854866028,0.25767887114427873,1.2576788711442788,996,True
35,0.05,36,8.395706851821293,5.922136823121384,0.05850863456726074,14.359354972839355,0.41768201285767725,1.4176820128576773,997,True
35,0.05,37,7.8983891935158566,5.785655314302405,0.0328519344329834,15.006150960922241,0.36516760236142604,1.365167602361426,998,True
35,0.05,38,8.124158936369193,5.719374186205972,0.028977155685424805,11.45283579826355,0.4204629163734555,1.4204629163734555,999,True
35,0.05,39,8.567222880805478,6.014918578687483,0.04678535461425781,13.862476110458374,0.4243289861248519,1.424328986124852,1000,True
35,0.05,40,7.964899880160177,5.907910808202971,0.04355311393737793,20.738337755203247,0.3481753768356036,1.3481753768356037,1001,True
35,0.05,41,7.441016997948279,5.152704380820981,0.02320075035095215,11.105496883392334,0.4440993404637549,1.4440993404637548,1002,True
35,0.05,42,8.64766881206469,5.454267995103912,0.03704071044921875,15.604705333709717,0.5854865987200065,1.5854865987200066,1003,True
35,0.05,43,8.000471808412179,5.86570431302794,0.02132415771484375,15.025113582611084,0.36394052298934404,1.363940522989344,1004,True
35,0.05,44,6.7488700975606015,5.77084546724898,0.0210113525390625,14.737953424453735,0.1694768359094279,1.1694768359094279,1005,True
35,0.05,45,7.935664839322976,5.747092326972282,0.022930622100830078,12.040183544158936,0.38081387732006233,1.3808138773200624,1006,True
35,0.05,46,8.402412648848184,5.752921943144666,0.044298410415649414,16.69790267944336,0.4605469588998546,1.4605469588998545,1007,True
35,0.05,47,8.555267837452401,5.9157845750144435,0.03994274139404297,15.958409309387207,0.44617636578348757,1.4461763657834876,1008,True
35,0.05,48,8.481347335070087,5.890339895319448,0.022342443466186523,11.488225221633911,0.43987401165245016,1.4398740116524502,1009,True
35,0.05,49,8.430760483844908,6.105848820605112,0.022418975830078125,16.75732946395874,0.38076797044074034,1.3807679704407403,1010,True
35,0.05,50,8.096261087700082,6.304378663194883,0.039391279220581055,18.517155170440674,0.2842282356810597,1.2842282356810597,1011,True
35,0.05,51,7.456317089731493,5.657793291216923,0.020756244659423828,13.034573793411255,0.3178843244956601,1.3178843244956602,1012,True
35,0.05,52,7.398851030040968,5.792240442358821,0.02762007713317871,12.885066747665405,0.27737291013214105,1.2773729101321412,1013,True
35,0.05,53,7.3202660951937295,5.34122901275492,0.031920433044433594,14.530983448028564,0.37052091900812434,1.3705209190081242,1014,True
35,0.05,54,7.442442363829015,5.9876572993943755,0.021659135818481445,15.513312816619873,0.24296398268848554,1.2429639826884855,1015,True
35,0.05,55,8.350785081336918,5.745200243135876,0.03883981704711914,15.74028468132019,0.45352376382600146,1.4535237638260015,1016,True
35,0.05,56,9.2842672753946,6.256008956364308,0.028003215789794922,11.857936143875122,0.48405594367789545,1.4840559436778955,1017,True
35,0.05,57,7.961474024470477,6.25293474682659,0.029505014419555664,13.672956705093384,0.2732379829344907,1.2732379829344906,1018,True
35,0.05,58,8.208246806373431,5.483699350668836,0.027208566665649414,13.644102334976196,0.49684479061972786,1.4968447906197277,1019,True
35,0.05,59,7.066776754473501,5.8953772555059665,0.05632305145263672,13.215575695037842,0.1986979710032145,1.1986979710032146,1020,True
35,0.05,60,7.691249541823206,5.622246240523504,0.03297162055969238,15.835589170455933,0.3680029676371932,1.3680029676371932,1021,True
35,0.05,61,7.7560811725186545,5.556135353100369,0.019191503524780273,13.192015171051025,0.3959489248566808,1.3959489248566808,1022,True
35,0.05,62,8.34055107412463,6.066750414386278,0.02207660675048828,12.957692861557007,0.37479713263733677,1.3747971326373367,1023,True
35,0.05,63,7.5495887881621355,5.599773328431972,0.02510523796081543,12.035512208938599,0.3481954260238143,1.3481954260238143,1024,True
35,0.1,0,14.220240538882127,7.974553227805804,0.037760019302368164,18.89561700820923,0.7832021597521924,1.7832021597521925,1025,True
35,0.1,1,13.988032650239196,7.970660692777861,0.03691434860229492,19.414363384246826,0.7549401723891744,1.7549401723891744,1026,True
35,0.1,2,15.22343094708182,8.314331226513893,0.07121062278747559,16.10039496421814,0.8309868265213239,1.8309868265213238,1027,True
35,0.1,3,13.991582679221937,9.13824296162034,0.020453929901123047,15.986898422241211,0.5311020661176457,1.5311020661176455,1028,True
35,0.1,4,13.64632745326656,8.753855626362718,0.04652571678161621,16.813861846923828,0.5588933649042479,1.5588933649042478,1029,True
35,0.1,5,12.993490169440145,8.102807138090755,0.039798736572265625,25.135470151901245,0.6035788521188682,1.6035788521188683,1030,True
35,0.1,6,14.432224651208516,7.496747732453805,0.0228116512298584,20.25876235961914,0.9251314258222504,1.9251314258222503,1031,True
35,0.1,7,14.132193170362765,8.064280119513516,0.034123897552490234,26.546814680099487,0.7524432386923708,1.752443238692371,1032,True
35,0.1,8,13.21346756075778,8.396323238360734,0.02658843994140625,18.40310311317444,0.5737206853100532,1.5737206853100532,1033,True
35,0.1,9,14.935515279914364,8.570754239461506,0.02149796485900879,19.758508920669556,0.7426138776851396,1.7426138776851396,1034,True
35,0.1,10,14.436194017086757,7.740759684146932,0.04160618782043457,18.32889437675476,0.8649582994614945,1.8649582994614946,1035,True
35,0.1,11,14.410451043120243,8.130939267312783,0.04598879814147949,25.158929109573364,0.772298447862198,1.7722984478621981,1036,True
35,0.1,12,15.09047955998523,7.504120392167125,0.017246246337890625,19.09436821937561,1.010959149287746,2.0109591492877463,1037,True
35,0.1,13,15.145427541962393,7.807909401178111,0.05370187759399414,22.631023645401,0.9397545186266054,1.9397545186266054,1038,True
35,0.1,14,14.80979156784615,7.929229814514576,0.028595924377441406,18.60752272605896,0.8677465421340923,1.8677465421340922,1039,True
35,0.1,15,15.23587898852091,8.214152313854825,0.027571678161621094,19.619579076766968,0.8548327820537884,1.8548327820537884,1040,True
35,0.1,16,14.635393278643415,8.464828651391167,0.04060626029968262,19.252358198165894,0.7289650956181062,1.7289650956181062,1041,True
35,0.1,17,14.014643502064416,7.647501968335508,0.024132251739501953,16.469622373580933,0.832577952917445,1.832577952917445,1042,True
35,0.1,18,12.426988542176636,9.072157922435316,0.025005340576171875,18.713915586471558,0.36979411606635193,1.3697941160663518,1043,True
35,0.1,19,12.06304795324982,8.526634255414026,0.044582366943359375,17.82400131225586,0.41474907822982227,1.4147490782298222,1044,True
35,0.1,20,13.89979829766754,7.618261279577423,0.021930456161499023,17.438420057296753,0.8245368316428426,1.8245368316428425,1045,True
35,0.1,21,14.77826027545013,8.046201798798569,0.022956371307373047,23.662577390670776,0.8366753214736385,1.8366753214736387,1046,True
35,0.1,22,14.174201087786978,7.45011446746589,0.04991555213928223,21.51901388168335,0.9025480950238666,1.9025480950238667,1047,True
35,0.1,23,14.94590867875282,8.1024354954221,0.02155923843383789,20.566202878952026,0.8446192736982977,1.8446192736982978,1048,True
35,0.1,24,13.892226870234106,7.770574846721279,0.02040243148803711,16.90355396270752,0.7877991196617585,1.7877991196617584,1049,True
35,0.1,25,14.628278061024814,8.264237321118415,0.032184600830078125,19.20973563194275,0.7700699402283308,1.7700699402283309,1050,True
35,0.1,26,15.530841917302526,7.766221322951736,0.022937536239624023,18.582844734191895,0.9997938857863584,1.9997938857863584,1051,True
35,0.1,27,12.154492972192864,8.631444032823337,0.02310657501220703,17.513131856918335,0.4081644885806137,1.4081644885806137,1052,True
35,0.1,28,14.423753477549381,7.9616579656201925,0.042913198471069336,21.599908590316772,0.8116519875424978,1.8116519875424977,1053,True
35,0.1,29,14.451215962324712,7.261710824556469,0.059308767318725586,17.08001732826233,0.9900566562711293,1.9900566562711293,1054,True
35,0.1,30,14.261096498258212,8.755612797802266,0.022963285446166992,27.158565521240234,0.6287947888510864,1.6287947888510863,1055,True
35,0.1,31,13.6646296443641,7.849383003042481,0.0559697151184082,21.886857748031616,0.7408539803787869,1.740853980378787,1056,True
35,0.1,32,15.123801819635226,8.687216213500642,0.023310184478759766,24.342849493026733,0.7409261434211347,1.7409261434211347,1057,True
35,0.1,33,12.196213670092819,7.785104372739714,0.0323796272277832,17.754661321640015,0.5666088836007164,1.5666088836007164,1058,True
35,0.1,34,14.276225809404997,7.78096469453003,0.031208038330078125,15.499202489852905,0.8347629593334481,1.834762959333448,1059,True
35,0.1,35,13.757476755056295,7.447504216490549,0.053937673568725586,17.345460414886475,0.8472600155893786,1.8472600155893786,1060,True
35,0.1,36,13.872924681584134,8.585661173057732,0.023925304412841797,17.144684314727783,0.6158248505214858,1.6158248505214858,1061,True
35,0.1,37,15.351175289324253,8.86771228991456,0.01825118064880371,23.16588568687439,0.7311314110611677,1.7311314110611677,1062,True
35,0.1,38,13.438542739889453,8.33276145149893,0.020115375518798828,16.109885692596436,0.6127358041039414,1.6127358041039412,1063,True
35,0.1,39,15.059691284874692,7.61545049628815,0.030379295349121094,17.424009323120117,0.9775181116619355,1.9775181116619354,1064,True
35,0.1,40,14.547922448071834,7.239539005385074,0.019579410552978516,19.926361799240112,1.0095095056812977,2.0095095056812977,1065,True
35,0.1,41,14.987945677820827,8.245212826810993,0.022691011428833008,19.69576120376587,0.8177754768299564,1.8177754768299565,1066,True
35,0.1,42,14.73324657884279,8.140057472409037,0.04685521125793457,24.638765573501587,0.8099683729238474,1.8099683729238474,1067,True
35,0.1,43,14.400454654748762,7.925978442121662,0.023005962371826172,19.200363397598267,0.8168677545499333,1.8168677545499332,1068,True
35,0.1,44,13.552545061707754,7.536400255623231,0.020125389099121094,16.826945304870605,0.7982783029066988,1.7982783029066989,1069,True
35,0.1,45,13.039049827527407,8.33123059881163,0.023402690887451172,19.40270161628723,0.5650808932581104,1.5650808932581104,1070,True
35,0.1,46,13.403689684498502,8.621965156370456,0.022902488708496094,15.380569696426392,0.5545979879766743,1.5545979879766743,1071,True
35,0.1,47,14.924139195255814,7.636658795334185,0.0366978645324707,16.087400436401367,0.9542760250561547,1.9542760250561546,1072,True
35,0.1,48,13.983073512644335,7.650685462643286,0.05020952224731445,19.451600790023804,0.8276889804084602,1.8276889804084602,1073,True
35,0.1,49,15.199804198272174,7.81605214317639,0.04183840751647949,19.701990604400635,0.9446907364278506,1.9446907364278507,1074,True
35,0.1,50,14.234980737987996,7.658833606881718,0.02228069305419922,18.347336769104004,0.8586355923958696,1.8586355923958695,1075,True
35,0.1,51,14.702174722865355,7.809964820488799,0.03977203369140625,27.525323390960693,0.8824892378894476,1.8824892378894476,1076,True
35,0.1,52,13.721322457778406,8.36486304675704,0.04801797866821289,22.606608867645264,0.6403523143272504,1.6403523143272503,1077,True
35,0.1,53,14.902744739266591,7.582356528499295,0.02431201934814453,15.462171792984009,0.9654502770019643,1.9654502770019642,1078,True
35,0.1,54,13.50387662131925,8.00385619453423,0.02099919319152832,18.766499996185303,0.6871713200620648,1.6871713200620648,1079,True
35,0.1,55,13.53403551960135,8.277649164981234,0.021878480911254883,20.469110250473022,0.6350095600641504,1.6350095600641503,1080,True
35,0.1,56,13.41624444563928,7.426481513866368,0.029992103576660156,17.577347993850708,0.8065411488050049,1.806541148805005,1081,True
35,0.1,57,15.135587009661249,7.844986516864765,0.019013404846191406,19.094128131866455,0.9293324439912689,1.929332443991269,1082,True
35,0.1,58,13.61789233832132,7.953535044019335,0.021089553833007812,18.611907243728638,0.7121810946896251,1.712181094689625,1083,True
35,0.1,59,14.064347094795101,7.936673230713409,0.029937744140625,18.678494691848755,0.7720708269012216,1.7720708269012218,1084,True
35,0.1,60,14.62005727616432,8.095428490932061,0.023218870162963867,18.098206043243408,0.8059645999641275,1.8059645999641276,1085,True
35,0.1,61,14.427917480120044,7.577050822786861,0.03606581687927246,20.10663390159607,0.9041600508644094,1.9041600508644094,1086,True
35,0.1,62,14.303549574175289,7.802924004791079,0.060534000396728516,15.560194969177246,0.83310122787211,1.8331012278721102,1087,True
35,0.1,63,13.316705746393401,7.878692056579163,0.04800128936767578,19.966463088989258,0.69021782432443,1.69021782432443,1088,True
35,0.2,0,28.618801811945623,12.293300270058992,0.026670455932617188,28.44622492790222,1.3279999010231847,2.3279999010231847,1089,True
35,0.2,1,28.00748915395479,12.847595076263413,0.0392916202545166,24.36688208580017,1.179979131323967,2.1799791313239667,1090,True
35,0.2,2,25.637810212720762,13.318683457576157,0.02220773696899414,21.98837637901306,0.9249507876949379,1.9249507876949379,1091,True
35,0.2,3,27.112705660437197,13.237827187899232,0.024705171585083008,22.92478346824646,1.0481235534802165,2.0481235534802167,1092,True
35,0.2,4,25.197287320620248,12.864471231226425,0.041826725006103516,21.873497486114502,0.9586726005075051,1.9586726005075052,1093,True
35,0.2,5,27.92083817845385,12.535391449169522,0.024591684341430664,30.151657819747925,1.2273606924579625,2.2273606924579625,1094,True
35,0.2,6,27.518415776606194,12.504165545706805,0.027751684188842773,22.427836418151855,1.20073987952394,2.20073987952394,1095,True
35,0.2,7,28.528864586091473,12.751826667929588,0.0540924072265625,30.616740226745605,1.2372374820495795,2.2372374820495797,1096,True
35,0.2,8,28.476817929218427,13.863896482415658,0.02499079704284668,22.418880462646484,1.054027016527218,2.054027016527218,1097,True
35,0.2,9,27.238549780035008,13.420759622849724,0.03230094909667969,22.732021808624268,1.0295833131277896,2.0295833131277896,1098,True
35,0.2,10,27.427003207138544,13.422885738439819,0.019862890243530273,23.02377700805664,1.043301547937222,2.0433015479372223,1099,True
35,0.2,11,27.984525964644973,12.3216170652474,0.0458073616027832,33.90044665336609,1.27117315985855,2.27117315985855,1100,True
35,0.2,12,28.399182917242793,13.58019675285573,0.020920276641845703,26.460373401641846,1.0912202845125076,2.0912202845125076,1101,True
35,0.2,13,25.03880425548585,12.18284229924215,0.022701501846313477,23.577728033065796,1.0552514462937292,2.0552514462937292,1102,True
35,0.2,14,26.253236722217615,13.370467857650734,0.019168376922607422,28.071561813354492,0.9635241639801867,1.9635241639801866,1103,True
35,0.2,15,27.986770729453692,13.113185763626305,0.06034207344055176,25.593117713928223,1.1342464931049878,2.1342464931049876,1104,True
35,0.2,16,26.183244719108764,13.083079199991378,0.018567800521850586,22.466831922531128,1.0013059860652698,2.0013059860652698,1105,True
35,0.2,17,25.731781287233872,12.076225537824486,0.052655696868896484,19.738098859786987,1.130780118890477,2.1307801188904767,1106,True
35,0.2,18,28.100706309544794,13.810872841174538,0.023456096649169922,24.392449378967285,1.0346799679284415,2.0346799679284415,1107,True
35,0.2,19,27.911635017887686,12.308621795380308,0.03708600997924805,22.06293249130249,1.2676490903606712,2.267649090360671,1108,True
35,0.2,20,27.000531729549216,12.967488889016122,0.03531050682067871,25.18518567085266,1.0821711867761483,2.082171186776148,1109,True
35,0.2,21,27.204276475432508,13.852406455724187,0.03533029556274414,24.95645546913147,0.9638664633747422,1.9638664633747422,1110,True
35,0.2,22,27.623805175490237,13.005706043927203,0.02354288101196289,21.653746604919434,1.1239758212426083,2.1239758212426083,1111,True
35,0.2,23,27.034249597339535,12.427138872831517,0.05747103691101074,35.137141942977905,1.1754202535261278,2.1754202535261276,1112,True
35,0.2,24,28.553137490579996,12.879699862591213,0.04250335693359375,23.890875816345215,1.216910160578502,2.216910160578502,1113,True
35,0.2,25,27.757738224242956,12.66341553664122,0.03857064247131348,23.04892873764038,1.1919629932324938,2.1919629932324938,1114,True
35,0.2,26,28.211197629147122,12.330960799470413,0.041239023208618164,23.001851558685303,1.287834507620747,2.287834507620747,1115,True
35,0.2,27,26.412037796645368,11.96712004653644,0.052163124084472656,20.76246976852417,1.2070504594202363,2.2070504594202363,1116,True
35,0.2,28,25.110127431286845,13.165589308391455,0.03859281539916992,23.657890558242798,0.9072543463954329,1.907254346395433,1117,True
35,0.2,29,28.245532212329902,13.111811049051623,0.024756431579589844,27.010594129562378,1.1542052510261656,2.154205251026166,1118,True
35,0.2,30,28.49657983620754,13.666978086173566,0.022882461547851562,17.605116367340088,1.0850680857560309,2.085068085756031,1119,True
35,0.2,31,28.091988838262356,13.11609057860165,0.040337324142456055,23.009548664093018,1.1417958857415376,2.1417958857415376,1120,True
35,0.2,32,26.909963390403874,11.749773099870248,0.021200180053710938,19.847447156906128,1.290253876536649,2.290253876536649,1121,True
35,0.2,33,28.105399500612684,13.398392898654313,0.048201560974121094,24.38809633255005,1.0976694528368018,2.0976694528368016,1122,True
35,0.2,34,27.54073528208419,12.141258426450097,0.044872283935546875,28.238807201385498,1.2683592025424537,2.2683592025424537,1123,True
35,0.2,35,28.912953784694068,12.783766992365864,0.019703388214111328,22.001075506210327,1.2616928016569873,2.261692801656987,1124,True
35,0.2,36,26.733115555512118,12.58001967216299,0.06647992134094238,27.95881414413452,1.1250456082089468,2.125045608208947,1125,True
35,0.2,37,28.205724306389957,13.419026925019027,0.055121660232543945,23.686230421066284,1.1019202408635127,2.101920240863513,1126,True
35,0.2,38,27.27871801573868,12.473764433875191,0.05749964714050293,23.886873960494995,1.1868873795353592,2.186887379535359,1127,True
35,0.2,39,28.27004673842361,12.981062170525027,0.0572202205657959,21.141353130340576,1.1777914909470162,2.1777914909470164,1128,True
35,0.2,40,27.098047829133886,14.071775728314854,0.024795055389404297,21.8919460773468,0.9257020828300946,1.9257020828300946,1129,True
35,0.2,41,28.115507624906236,11.899217536922862,0.024348974227905273,24.635809421539307,1.3628030614336435,2.3628030614336435,1130,True
35,0.2,42,27.92304254665671,11.961406426198874,0.04172849655151367,19.683363914489746,1.3344280389551286,2.3344280389551284,1131,True
35,0.2,43,28.277883962402463,13.301541119050695,0.0235140323638916,20.035613536834717,1.1259103519893943,2.1259103519893943,1132,True
35,0.2,44,28.372072793097118,12.518556288273485,0.033057212829589844,22.99911332130432,1.2664013437135804,2.2664013437135804,1133,True
35,0.2,45,27.747468693013225,13.751763085291756,0.03805994987487793,23.799911499023438,1.017738999786189,2.017738999786189,1134,True
35,0.2,46,27.703403400579962,11.898503551897292,0.057613372802734375,26.11131739616394,1.3283098819735595,2.3283098819735595,1135,True
35,0.2,47,28.82317092345125,13.165999266436515,0.04713773727416992,21.812077522277832,1.1892125572974057,2.189212557297406,1136,True
35,0.2,48,26.311348759011537,13.548672482089053,0.021999120712280273,21.526992321014404,0.9419872163707822,1.9419872163707823,1137,True
35,0.2,49,25.924738785426722,13.768828310660249,0.019020795822143555,27.4326810836792,0.8828572918840883,1.8828572918840882,1138,True
35,0.2,50,27.80251173103885,11.446437845099695,0.02972555160522461,22.240883588790894,1.428922613941534,2.428922613941534,1139,True
35,0.2,51,28.52811591077888,12.197382848798135,0.024799346923828125,26.633235216140747,1.3388718928003385,2.3388718928003387,1140,True
35,0.2,52,26.9607902332022,12.75986314529598,0.021738052368164062,28.616154432296753,1.1129372569439742,2.112937256943974,1141,True
35,0.2,53,28.290026059464097,13.345044999769621,0.023139238357543945,23.3900625705719,1.119889896208853,2.119889896208853,1142,True
35,0.2,54,27.91226702116628,12.66598366176779,0.02493882179260254,24.077329874038696,1.2037188556795098,2.2037188556795098,1143,True
35,0.2,55,27.817042749735606,13.493186870520445,0.04086804389953613,21.17438268661499,1.0615621066146752,2.061562106614675,1144,True
35,0.2,56,26.47318037433673,12.836978033785938,0.02133488655090332,18.76167941093445,1.0622595368365795,2.0622595368365793,1145,True
35,0.2,57,27.8856096621622,12.420922749529165,0.03818464279174805,22.673268795013428,1.2450513721469887,2.245051372146989,1146,True
35,0.2,58,24.69283983484909,13.358434600344221,0.025375843048095703,22.00618028640747,0.8484830426323157,1.8484830426323158,1147,True
35,0.2,59,27.421360242433316,13.104250695407519,0.04039430618286133,24.004361867904663,1.0925546129885422,2.0925546129885424,1148,True
35,0.2,60,27.980292062565482,12.545183138231065,0.02443552017211914,32.03844356536865,1.2303613868574297,2.23036138685743,1149,True
35,0.2,61,27.589442481506705,12.13721837949354,0.023616552352905273,19.711650371551514,1.2731273030499723,2.2731273030499723,1150,True
35,0.2,62,27.423482113354183,12.72556402887012,0.04329514503479004,28.205671072006226,1.1549914841604914,2.154991484160491,1151,True
35,0.2,63,28.20959864042644,12.140502895181141,0.022658824920654297,20.848155736923218,1.323593914023406,2.3235939140234056,1152,True
40,0.05,0,8.703093068874749,6.7370930081248765,0.049993276596069336,18.92121171951294,0.29181726575229,1.29181726575229,1153,True
40,0.05,1,10.169417499210422,6.823491065460069,0.02913355827331543,18.426515579223633,0.49035404335577537,1.4903540433557754,1154,True
40,0.05,2,8.990607638218592,6.171365886935327,0.02592611312866211,19.772656440734863,0.4568262201486951,1.4568262201486952,1155,True
40,0.05,3,9.275362013028923,6.245679180404031,0.033844947814941406,17.377498626708984,0.48508460731229913,1.4850846073122992,1156,True
40,0.05,4,8.202202939607313,6.104083133881642,0.029854297637939453,17.933420181274414,0.34372398928837283,1.3437239892883728,1157,True
40,0.05,5,9.42836731056088,6.475850950582114,0.02677440643310547,15.70518684387207,0.45592716424601537,1.4559271642460154,1158,True
40,0.05,6,8.650861330963046,6.021973046549251,0.029855012893676758,18.043614864349365,0.4365493276194947,1.4365493276194947,1159,True
40,0.05,7,7.69117456120158,6.066394139028004,0.03271770477294922,16.18223738670349,0.2678329803400984,1.2678329803400985,1160,True
40,0.05,8,8.184923669729972,6.835472006873672,0.02823925018310547,19.752737283706665,0.19741894363685605,1.197418943636856,1161,True
40,0.05,9,8.825259547432019,6.159231497736347,0.04925274848937988,21.500194787979126,0.4328507624166254,1.4328507624166253,1162,True
40,0.05,10,8.67505345746286,6.805659939970385,0.024604082107543945,15.611571311950684,0.27468218129932154,1.2746821812993216,1163,True
40,0.05,11,9.095433856777117,6.474025870520543,0.026601552963256836,15.77374267578125,0.4049115710508892,1.4049115710508893,1164,True
40,0.05,12,9.078168205538425,6.432809671227576,0.047066450119018555,21.755778074264526,0.4112291004260404,1.4112291004260404,1165,True
40,0.05,13,9.357033100269186,6.436401103297124,0.04054665565490723,20.953972578048706,0.45376786656069856,1.4537678665606986,1166,True
40,0.05,14,8.963828088613331,6.537292825884862,0.0447239875793457,21.199207067489624,0.3711835047560415,1.3711835047560414,1167,True
40,0.05,15,9.507985103279836,6.40130142527984,0.06127309799194336,17.08691167831421,0.4853206358524484,1.4853206358524484,1168,True
40,0.05,16,8.11708425602931,6.150841355325434,0.0704488754272461,11.848888397216797,0.3196705600285873,1.3196705600285872,1169,True
40,0.05,17,9.386420084372048,6.880237254722428,0.026758193969726562,19.981711626052856,0.36425819878950205,1.364258198789502,1170,True
40,0.05,18,6.889910143767371,6.027580282273681,0.08624768257141113,18.334097623825073,0.14306401924329204,1.1430640192432922,1171,True
40,0.05,19,8.701962470353836,6.66930524669141,0.05683326721191406,21.048666954040527,0.3047779563952049,1.3047779563952049,1172,True
40,0.05,20,8.420008299696303,6.309315106269745,0.04679250717163086,17.495133638381958,0.33453602457247733,1.3345360245724773,1173,True
40,0.05,21,8.910199186357255,6.459279519123996,0.05239582061767578,16.82132840156555,0.37944164824835636,1.3794416482483565,1174,True
40,0.05,22,8.32649683044367,6.351723221170369,0.08458757400512695,16.72583556175232,0.3109035989936333,1.3109035989936333,1175,True
40,0.05,23,9.06542704088211,6.086150535972725,0.026529550552368164,17.835477113723755,0.4895173866141021,1.489517386614102,1176,True
40,0.05,24,9.018702886673168,6.495001243160351,0.042153358459472656,17.797720670700073,0.3885606097720821,1.3885606097720822,1177,True
40,0.05,25,8.797981590732416,6.290135083393997,0.0762338638305664,19.40032196044922,0.39869517491908124,1.3986951749190812,1178,True
40,0.05,26,8.128845008083807,6.131559201667981,0.07852935791015625,25.558721780776978,0.325738648315179,1.325738648315179,1179,True
40,0.05,27,8.300517954834943,6.448731418806675,0.03199362754821777,18.764636278152466,0.28715516522022205,1.287155165220222,1180,True
40,0.05,28,8.644663508018986,6.358483154954513,0.051863670349121094,16.849968910217285,0.35954807103374775,1.3595480710337478,1181,True
40,0.05,29,10.081443594634125,6.885871089307795,0.03016972541809082,19.948549509048462,0.4640767252074083,1.4640767252074083,1182,True
40,0.05,30,8.381168810380402,6.406958204791639,0.028050899505615234,18.694129705429077,0.3081353963121359,1.3081353963121358,1183,True
40,0.05,31,9.193031394617758,6.46704691976766,0.027817249298095703,17.79087471961975,0.42151920477299304,1.421519204772993,1184,True
40,0.05,32,8.751750363563854,6.529189764526341,0.0292508602142334,16.7821307182312,0.34040373755299314,1.3404037375529931,1185,True
40,0.05,33,8.928337511442482,6.044204683926728,0.05359768867492676,18.153959274291992,0.47717325576109115,1.4771732557610913,1186,True
40,0.05,34,10.028323231988301,6.391327360804813,0.03439617156982422,18.820224046707153,0.5690517267958416,1.5690517267958415,1187,True
40,0.05,35,8.890247124097403,6.472064108503839,0.020689725875854492,14.00145411491394,0.37363397133477716,1.3736339713347772,1188,True
40,0.05,36,8.888251768536199,6.192807236881166,0.04000973701477051,23.682055234909058,0.4352540662984558,1.4352540662984559,1189,True
40,0.05,37,9.208329708979965,6.416191823742716,0.06998085975646973,22.495006322860718,0.4351705749982595,1.4351705749982595,1190,True
40,0.05,38,8.575101871911968,6.48117234111219,0.042154550552368164,15.037180423736572,0.3230788228724147,1.3230788228724146,1191,True
40,0.05,39,8.981969939958667,6.630188330532254,0.030529022216796875,19.379061698913574,0.35470811569505106,1.3547081156950511,1192,True
40,0.05,40,8.594908448111024,6.43968890774757,0.03976559638977051,17.941881895065308,0.3346775863303763,1.3346775863303764,1193,True
40,0.05,41,8.627171051428714,6.467665622513065,0.029716014862060547,21.247581481933594,0.33389255953472674,1.3338925595347266,1194,True
40,0.05,42,8.283575955855724,6.500423226381049,0.02674245834350586,20.477569580078125,0.27431332812885206,1.2743133281288521,1195,True
40,0.05,43,9.244619001518352,6.166786280171828,0.027166366577148438,21.042125701904297,0.49909832796423176,1.4990983279642318,1196,True
40,0.05,44,8.415904167802498,6.277897043403869,0.047553062438964844,14.519672393798828,0.340561036540893,1.340561036540893,1197,True
40,0.05,45,9.465389682087183,6.460258730620415,0.04479694366455078,18.606562852859497,0.4651719190785673,1.4651719190785673,1198,True
40,0.05,46,9.04484253498028,6.156195504578508,0.02929830551147461,19.15851330757141,0.46922600626530075,1.4692260062653009,1199,True
40,0.05,47,9.456901429674456,6.459332234535414,0.053345680236816406,18.755070447921753,0.46406796961337005,1.46406796961337,1200,True
40,0.05,48,8.311201148097103,5.940096832356174,0.07105898857116699,19.13543462753296,0.39916930357521074,1.3991693035752109,1201,True
40,0.05,49,9.33181700898565,6.388585652468983,0.03311896324157715,20.896554946899414,0.4607015569055106,1.4607015569055106,1202,True
40,0.05,50,8.943340571634664,6.484098460481488,0.04602503776550293,21.066755533218384,0.3792727896008169,1.379272789600817,1203,True
40,0.05,51,9.227147845470443,6.760585575898494,0.045798301696777344,17.411311149597168,0.3648444712193644,1.3648444712193644,1204,True
40,0.05,52,8.801802653575455,6.6251474631691405,0.03773784637451172,18.08817744255066,0.32854441391786193,1.328544413917862,1205,True
40,0.05,53,8.948825686946282,6.464134031319331,0.034018754959106445,15.847776174545288,0.38438120923674995,1.38438120923675,1206,True
40,0.05,54,8.993011483566338,6.538766748414631,0.07942795753479004,20.09121060371399,0.3753375566954971,1.375337556695497,1207,True
40,0.05,55,8.669490878675727,6.575089993086538,0.0458216667175293,18.966200828552246,0.3185356987952065,1.3185356987952066,1208,True
40,0.05,56,8.172747815720225,6.326393745524514,0.07788944244384766,17.944370985031128,0.29184937651120424,1.2918493765112042,1209,True
40,0.05,57,8.851800612874618,7.23780224323424,0.025844573974609375,16.716159343719482,0.22299564362222143,1.2229956436222214,1210,True
40,0.05,58,8.289229377173646,6.264861346195712,0.05931425094604492,23.022056102752686,0.3231305401846149,1.323130540184615,1211,True
40,0.05,59,8.888687258348359,6.526280517309089,0.05006742477416992,18.026660680770874,0.3619836344413427,1.3619836344413427,1212,True
40,0.05,60,8.908624545464512,6.300705548623296,0.02296733856201172,24.13914155960083,0.4139090418867529,1.413909041886753,1213,True
40,0.05,61,8.513951712061896,6.137050895595705,0.06763958930969238,18.77086591720581,0.3873034225888513,1.3873034225888512,1214,True
40,0.05,62,8.917252733421916,5.864872162844539,0.04671311378479004,22.97715997695923,0.5204513390615719,1.520451339061572,1215,True
40,0.05,63,8.09732716548619,6.32882569662527,0.02450394630432129,16.473690271377563,0.2794359575748691,1.279435957574869,1216,True
40,0.1,0,15.812812545531923,8.564080933317555,0.0380253791809082,24.599241018295288,0.8464109188896177,1.8464109188896178,1217,True
40,0.1,1,16.83412162426712,9.080540548154493,0.0462954044342041,22.645896911621094,0.8538677884862752,1.853867788486275,1218,True
40,0.1,2,16.327222214268094,8.938007606752057,0.04487204551696777,27.54049062728882,0.8267183171710424,1.8267183171710424,1219,True
40,0.1,3,14.839902414081307,8.39893537021257,0.03019094467163086,22.22558093070984,0.7668789864382206,1.7668789864382206,1220,True
40,0.1,4,15.800538590029502,8.78623674022366,0.042127132415771484,22.496746301651,0.7983283466167208,1.7983283466167208,1221,True
40,0.1,5,16.505094038313665,8.630234212325226,0.026658296585083008,23.083057641983032,0.9124734778045765,1.9124734778045767,1222,True
40,0.1,6,16.695185305022083,8.831171388029713,0.05257415771484375,24.880162000656128,0.8904836710169294,1.8904836710169293,1223,True
40,0.1,7,15.28397295839739,8.739400914168723,0.0515141487121582,27.247122764587402,0.7488582007513013,1.7488582007513014,1224,True
40,0.1,8,16.474015605326688,8.212108657403888,0.05330657958984375,26.337186574935913,1.0060640077471472,2.006064007747147,1225,True
40,0.1,9,16.943504054004382,8.793127338631548,0.05319023132324219,22.00379228591919,0.9269030688962201,1.92690306889622,1226,True
40,0.1,10,17.08251478043551,8.712859220080604,0.036206722259521484,25.83153796195984,0.9606095254087528,1.9606095254087528,1227,True
40,0.1,11,17.12182914402365,9.18899922413909,0.05888080596923828,24.2013099193573,0.8632963967442037,1.8632963967442036,1228,True
40,0.1,12,15.254877840822306,8.746124692681194,0.052260398864746094,30.47802710533142,0.7441870973538341,1.744187097353834,1229,True
40,0.1,13,16.441428858224036,9.249732872386486,0.03114771842956543,24.82170343399048,0.7775031003659729,1.777503100365973,1230,True
40,0.1,14,15.75494606208064,8.780418822666178,0.045473337173461914,21.48561429977417,0.79432739830247,1.79432739830247,1231,True
40,0.1,15,16.628134355034558,8.491594443393229,0.02816462516784668,29.152429819107056,0.9581875307259704,1.9581875307259704,1232,True
40,0.1,16,16.97434022476408,8.138539207179901,0.04727292060852051,23.50760793685913,1.085674074014308,2.085674074014308,1233,True
40,0.1,17,15.592740141709383,8.162075882312953,0.05252361297607422,27.693016529083252,0.9103890194770822,1.9103890194770823,1234,True
40,0.1,18,15.406047718191903,8.52538306606498,0.03844428062438965,21.5478572845459,0.8070798225495804,1.8070798225495803,1235,True
40,0.1,19,15.415188246414722,8.352360826501785,0.04955124855041504,26.096184253692627,0.8456085131646613,1.8456085131646613,1236,True
40,0.1,20,15.894710567206086,8.751666486474775,0.02521491050720215,21.010226249694824,0.8161924465209566,1.8161924465209567,1237,True
40,0.1,21,15.79936790581506,8.74765262415975,0.05997347831726074,28.70363211631775,0.8061265787097551,1.8061265787097551,1238,True
40,0.1,22,13.980712682242624,8.725478067897745,0.04077434539794922,21.367293119430542,0.6022861525123331,1.602286152512333,1239,True
40,0.1,23,15.621691969337352,8.632307447933426,0.04098939895629883,23.097811460494995,0.8096774313891222,1.8096774313891222,1240,True
40,0.1,24,15.434651173345273,8.754148673364018,0.060144662857055664,37.181560039520264,0.7631241768040583,1.7631241768040584,1241,True
40,0.1,25,16.135405915712017,8.818811376652638,0.026986122131347656,17.92850089073181,0.8296576745512095,1.8296576745512096,1242,True
40,0.1,26,15.801077159439478,8.636665419826418,0.03924822807312012,23.789446353912354,0.8295344778745698,1.82953447787457,1243,True
40,0.1,27,15.817851077373435,8.561627497034868,0.03855538368225098,18.594449758529663,0.8475285315615052,1.847528531561505,1244,True
40,0.1,28,15.92623124655242,9.205324889650289,0.02762913703918457,23.581544160842896,0.7301107171631245,1.7301107171631245,1245,True
40,0.1,29,16.476850721217982,8.966378767807925,0.02981710433959961,29.18272614479065,0.8376259968377621,1.837625996837762,1246,True
40,0.1,30,14.400691705516724,8.127031388950572,0.02920818328857422,23.21861481666565,0.7719498075392888,1.7719498075392888,1247,True
40,0.1,31,16.05064397814975,9.206099016880827,0.025109291076660156,24.237900495529175,0.7434793986810674,1.7434793986810673,1248,True
40,0.1,32,16.845373418262028,8.470637189381096,0.0542750358581543,23.370278120040894,0.9886784242606464,1.9886784242606463,1249,True
40,0.1,33,16.666744668885986,8.036167991585964,0.025806665420532227,20.180106163024902,1.0739666824208274,2.0739666824208274,1250,True
40,0.1,34,12.618081002945495,8.817251321036277,0.02586817741394043,22.909424543380737,0.43106740905084145,1.4310674090508415,1251,True
40,0.1,35,16.116542495087174,8.867819062033162,0.02614593505859375,30.9527268409729,0.8174189597630409,1.817418959763041,1252,True
40,0.1,36,16.768417060582344,8.798420637698108,0.0735940933227539,21.531855821609497,0.9058439862190303,1.9058439862190302,1253,True
40,0.1,37,16.619255834957144,8.767870437824673,0.04951739311218262,24.82471537590027,0.895472333083473,1.895472333083473,1254,True
40,0.1,38,15.853631508228819,8.798879055881038,0.0740668773651123,28.316654443740845,0.8017785456014981,1.801778545601498,1255,True
40,0.1,39,16.78242156863239,8.635016428163665,0.04702353477478027,23.160587787628174,0.9435309368833898,1.94353093688339,1256,True
40,0.1,40,17.3174417285333,9.121767365707393,0.040395259857177734,24.105106115341187,0.8984743892545358,1.898474389254536,1257,True
40,0.1,41,16.586792074888873,8.626353325969712,0.04813218116760254,27.15780234336853,0.9228046253280852,1.9228046253280853,1258,True
40,0.1,42,14.73227562725318,9.098031995859612,0.029952526092529297,20.704305171966553,0.6192815802315966,1.6192815802315967,1259,True
40,0.1,43,16.7913823496818,9.280032946993582,0.02813410758972168,26.708240509033203,0.8094097774859347,1.8094097774859346,1260,True
40,0.1,44,17.18417144991003,8.756372107118002,0.042613983154296875,25.98723268508911,0.9624761533307976,1.9624761533307977,1261,True
40,0.1,45,17.030699320532115,8.025644543528712,0.05721569061279297,27.289188385009766,1.1220350874204137,2.1220350874204135,1262,True
40,0.1,46,17.396865446042607,9.02023523509972,0.05546832084655762,23.1996009349823,0.9286487538980774,1.9286487538980774,1263,True
40,0.1,47,16.815421230365782,8.173513953074417,0.04282522201538086,24.448772192001343,1.0573062365716968,2.057306236571697,1264,True
40,0.1,48,16.58207929114106,9.052820121801494,0.03391408920288086,20.950167417526245,0.8317031674148915,1.8317031674148914,1265,True
40,0.1,49,16.46719702654425,8.454900336363117,0.048043251037597656,25.742687702178955,0.9476512284505095,1.9476512284505096,1266,True
40,0.1,50,16.549468349114033,8.298020911346333,0.048924922943115234,26.760398864746094,0.9943873998298859,1.994387399829886,1267,True
40,0.1,51,17.22243106764609,8.820299764987334,0.03864860534667969,23.186296463012695,0.9525902210275755,1.9525902210275756,1268,True
40,0.1,52,14.261377541469454,8.322656364187232,0.02506279945373535,23.4852557182312,0.713560781247296,1.7135607812472962,1269,True
40,0.1,53,15.730614684101667,8.128834261166752,0.02793407440185547,22.92103385925293,0.935162432730399,1.9351624327303991,1270,True
40,0.1,54,15.109823193400375,9.093515033884957,0.028078794479370117,22.228575706481934,0.6616042462234886,1.6616042462234886,1271,True
40,0.1,55,13.791672688106145,8.504786087644112,0.05755805969238281,24.9227454662323,0.6216366344760753,1.6216366344760753,1272,True
40,0.1,56,15.70540085974475,8.479339671451092,0.07334399223327637,32.957622051239014,0.8521962167199092,1.852196216719909,1273,True
40,0.1,57,15.926700309588655,8.67553282520662,0.028414011001586914,19.75466299057007,0.8358181140544919,1.835818114054492,1274,True
40,0.1,58,16.651469478616626,8.794029551999138,0.07308053970336914,22.081719636917114,0.893497102796438,1.893497102796438,1275,True
40,0.1,59,13.252877786166856,8.434366142566557,0.03285646438598633,23.195576667785645,0.571295051952065,1.571295051952065,1276,True
40,0.1,60,14.401849031074356,9.147527820267026,0.04932856559753418,22.86671757698059,0.5743979481719631,1.5743979481719632,1277,True
40,0.1,61,15.670108230714106,8.586926642376715,0.0349576473236084,21.920685529708862,0.8248797134683437,1.8248797134683437,1278,True
40,0.1,62,14.589915290939889,8.390192547422886,0.030235767364501953,22.849243879318237,0.7389249660809388,1.738924966080939,1279,True
40,0.1,63,14.35085865014841,8.248493590378889,0.04105186462402344,21.223902702331543,0.7398157000312603,1.7398157000312604,1280,True
40,0.2,0,30.60119642802384,14.332205825272922,0.049302101135253906,37.38375163078308,1.1351351495429083,2.1351351495429083,1281,True
40,0.2,1,29.866458682400175,14.373715900188033,0.029192209243774414,26.670764446258545,1.077852302758361,2.077852302758361,1282,True
40,0.2,2,30.633818822125583,14.59710330094411,0.030530929565429688,27.036585569381714,1.0986231439592713,2.098623143959271,1283,True
40,0.2,3,30.93824816624218,13.512254908431181,0.03149700164794922,27.505714178085327,1.2896436143265606,2.2896436143265606,1284,True
40,0.2,4,30.918739776617006,13.764526202130797,0.026618003845214844,34.780449628829956,1.2462625536526404,2.2462625536526404,1285,True
40,0.2,5,30.68383757416952,14.122586284439482,0.05421638488769531,36.25838851928711,1.172678357644557,2.172678357644557,1286,True
40,0.2,6,30.71149241803321,14.970286499756007,0.028234243392944336,31.626999378204346,1.051496637591656,2.051496637591656,1287,True
40,0.2,7,31.28025694523963,13.470886222534844,0.05918765068054199,30.347262382507324,1.3220637772823205,2.3220637772823203,1288,True
40,0.2,8,30.701251135408995,13.684540534303771,0.04873251914978027,27.302473545074463,1.2434988634399908,2.243498863439991,1289,True
40,0.2,9,30.141374747308916,14.288853484183589,0.02765655517578125,26.69487190246582,1.1094326973589987,2.109432697358999,1290,True
40,0.2,10,31.2714209654197,13.284718230748588,0.06709432601928711,28.541995763778687,1.353939347621193,2.353939347621193,1291,True
40,0.2,11,30.009125338855522,13.829974678065483,0.05480384826660156,37.572091579437256,1.1698611918972188,2.1698611918972186,1292,True
40,0.2,12,31.370406743975483,13.392939374935544,0.04405093193054199,28.884934902191162,1.3423093217822064,2.3423093217822064,1293,True
40,0.2,13,29.749151653112946,14.301460069017025,0.04884934425354004,34.72486996650696,1.0801478666896476,2.080147866689648,1294,True
40,0.2,14,30.65004281714092,13.618827811539758,0.031256914138793945,28.804303646087646,1.2505639428945534,2.2505639428945536,1295,True
40,0.2,15,30.097743169460188,15.115777327400755,0.058629751205444336,27.444457054138184,0.9911475617533239,1.9911475617533239,1296,True
40,0.2,16,31.7529925933465,14.22764358226934,0.04890918731689453,30.837791919708252,1.2317815602941768,2.231781560294177,1297,True
40,0.2,17,28.432625311556276,13.42746906681214,0.024057388305664062,32.62225675582886,1.1174969884556627,2.1174969884556627,1298,True
40,0.2,18,31.22389390663625,14.78550490569683,0.0361325740814209,31.111247062683105,1.1117908455466903,2.1117908455466905,1299,True
40,0.2,19,30.68089899641865,13.722324028991398,0.04186558723449707,28.99801540374756,1.2358383996470692,2.2358383996470694,1300,True
40,0.2,20,29.604611111813934,12.92113423145722,0.02947068214416504,32.238322734832764,1.2911774292801526,2.2911774292801526,1301,True
40,0.2,21,29.553406293403906,13.468929785827264,0.050900936126708984,26.364794492721558,1.1941911319859726,2.1941911319859724,1302,True
40,0.2,22,30.184562493484624,14.903795558093245,0.0541231632232666,29.573057413101196,1.025293649247183,2.025293649247183,1303,True
40,0.2,23,28.028059906937898,13.83354109163715,0.06437397003173828,35.623573303222656,1.026094383301599,2.026094383301599,1304,True
40,0.2,24,29.609222585329373,13.652191991673009,0.05739593505859375,28.925580263137817,1.1688255339061422,2.1688255339061424,1305,True
40,0.2,25,30.670942748637803,14.213622605157436,0.06888437271118164,32.53187918663025,1.1578554321196626,2.1578554321196624,1306,True
40,0.2,26,30.30922595272535,14.651489133405262,0.029657840728759766,34.20039200782776,1.0686788678442651,2.068678867844265,1307,True
40,0.2,27,31.684457237994195,14.76278847601268,0.029314041137695312,29.79657292366028,1.1462379745856748,2.1462379745856746,1308,True
40,0.2,28,30.58980312718032,13.645091361553156,0.0848701000213623,28.796786785125732,1.2418173918110307,2.2418173918110305,1309,True
40,0.2,29,30.861662609206828,12.972792593890215,0.022576332092285156,29.961256980895996,1.3789529036131911,2.378952903613191,1310,True
40,0.2,30,28.962607066045653,14.105282867913237,0.04079484939575195,30.775842905044556,1.0533162884616745,2.0533162884616747,1311,True
40,0.2,31,29.465262070285494,13.93858010496121,0.02589726448059082,32.019370794296265,1.1139356985004387,2.113935698500439,1312,True
40,0.2,32,28.83331702421099,15.36393694741798,0.05327343940734863,38.198962450027466,0.8766880600259583,1.8766880600259583,1313,True
40,0.2,33,28.683248019232675,13.636341326201954,0.023015260696411133,34.01869750022888,1.103441629472738,2.103441629472738,1314,True
40,0.2,34,30.775074631846127,13.896304253121485,0.04886770248413086,29.122260093688965,1.2146229725024345,2.2146229725024345,1315,True
40,0.2,35,29.794683997249585,15.174436066417975,0.06971383094787598,34.41264533996582,0.9634788315585039,1.963478831558504,1316,True
40,0.2,36,31.932178678772125,13.908369372433443,0.05941915512084961,32.247780561447144,1.295896652131061,2.2958966521310606,1317,True
40,0.2,37,31.18752314659614,13.48515297875058,0.04382729530334473,26.64279079437256,1.3127303928802525,2.3127303928802525,1318,True
40,0.2,38,30.270039674867377,13.3972674333692,0.07098937034606934,24.26939606666565,1.2594189319138598,2.25941893191386,1319,True
40,0.2,39,29.65220902384499,14.010972778851263,0.03334689140319824,26.925239086151123,1.1163561939541593,2.116356193954159,1320,True
40,0.2,40,31.535720670071207,13.927097388733834,0.048135995864868164,35.07803392410278,1.2643426544558858,2.264342654455886,1321,True
40,0.2,41,31.159997651096283,14.124120774732503,0.025842666625976562,29.425368785858154,1.2061548572170449,2.206154857217045,1322,True
40,0.2,42,30.8417979515684,13.4229553554009,0.07058548927307129,35.31782913208008,1.2976905707399826,2.2976905707399826,1323,True
40,0.2,43,29.759315652890233,14.507730879080082,0.032831668853759766,28.271767616271973,1.0512729317168885,2.0512729317168885,1324,True
40,0.2,44,30.062551450464955,13.103946714844,0.023328065872192383,30.785215139389038,1.2941600805206606,2.2941600805206606,1325,True
40,0.2,45,29.716278956188017,14.46937773575789,0.026798009872436523,30.84523034095764,1.0537357928496647,2.0537357928496647,1326,True
40,0.2,46,29.686219647312836,13.351593132057603,0.07117152214050293,29.41393208503723,1.2234215313253718,2.223421531325372,1327,True
40,0.2,47,28.582740444873657,14.437479813477966,0.02470850944519043,29.158199787139893,0.9797596820319378,1.9797596820319379,1328,True
40,0.2,48,30.791430131331605,13.645418232908371,0.10429596900939941,35.36599683761597,1.256539858710417,2.256539858710417,1329,True
40,0.2,49,28.610176059187825,13.301843982021898,0.07573056221008301,28.017155408859253,1.1508428529048977,2.1508428529048977,1330,True
40,0.2,50,31.31286973359251,14.864872421792406,0.035140275955200195,40.26818299293518,1.106501074821657,2.106501074821657,1331,True
40,0.2,51,30.210951164931213,14.699370896322058,0.05140066146850586,34.04138517379761,1.055254702940404,2.0552547029404042,1332,True
40,0.2,52,29.991393516500015,15.81667624584755,0.02825474739074707,24.08138918876648,0.8961881150202996,1.8961881150202997,1333,True
40,0.2,53,30.941859110434706,14.437947734514818,0.02423262596130371,30.38699960708618,1.1430926111795137,2.143092611179514,1334,True
40,0.2,54,31.176587132162332,14.008688299652245,0.02974557876586914,29.32735323905945,1.2255179403867718,2.2255179403867715,1335,True
40,0.2,55,30.157925861387554,13.43717390211943,0.03493762016296387,28.56656551361084,1.2443652274702481,2.244365227470248,1336,True
40,0.2,56,29.43188686561904,13.83366179984503,0.05596137046813965,43.748796463012695,1.1275557615517786,2.1275557615517786,1337,True
40,0.2,57,30.088438693998217,13.48386925735899,0.030151844024658203,40.03183102607727,1.231439516337425,2.2314395163374248,1338,True
40,0.2,58,29.788941831526763,13.083339262455006,0.058524370193481445,26.92822790145874,1.2768607642095995,2.2768607642095997,1339,True
40,0.2,59,31.053375333173122,13.884211417526018,0.052762746810913086,28.444470167160034,1.2365962602654188,2.236596260265419,1340,True
40,0.2,60,29.135066473142,14.517071759273952,0.02829456329345703,30.37787437438965,1.006952018717523,2.006952018717523,1341,True
40,0.2,61,29.579062231985446,14.831624730066876,0.0268096923828125,27.948792457580566,0.9943238027066825,1.9943238027066825,1342,True
40,0.2,62,30.742744543178308,14.20169606605596,0.048475027084350586,28.353615522384644,1.164723452761235,2.164723452761235,1343,True
40,0.2,63,28.64379759670137,13.606726620619664,0.07713770866394043,25.719672203063965,1.1051203860665866,2.1051203860665866,1344,True
45,0.05,0,9.500057802440663,7.11459089259126,0.034104347229003906,23.727819204330444,0.3352922108751883,1.3352922108751883,1345,True
45,0.05,1,8.978763236997631,7.167527881573284,0.05110597610473633,24.7129385471344,0.25270014785443395,1.252700147854434,1346,True
45,0.05,2,9.783405210474173,6.948753375465187,0.0521693229675293,24.980419874191284,0.40793674517470113,1.4079367451747011,1347,True
45,0.05,3,9.701407434361654,7.081271726213913,0.04499363899230957,22.619868516921997,0.37000920307130025,1.3700092030713003,1348,True
45,0.05,4,9.606321512034693,6.740338383343,0.029155492782592773,23.543397665023804,0.4251987015628514,1.4251987015628513,1349,True
45,0.05,5,9.537932200398808,6.232542910214454,0.09534788131713867,22.095255374908447,0.5303436073849062,1.5303436073849062,1350,True
45,0.05,6,9.535396045521857,6.533775382289567,0.0421299934387207,23.892239332199097,0.45940065086542076,1.4594006508654207,1351,True
45,0.05,7,9.484034238301115,6.947614743008298,0.0601963996887207,25.641457557678223,0.36507774093912326,1.3650777409391233,1352,True
45,0.05,8,10.342922410308196,6.992073454243026,0.05842757225036621,23.927666425704956,0.47923537674389877,1.4792353767438988,1353,True
45,0.05,9,9.268453637339235,6.602278231992368,0.045151472091674805,29.674630641937256,0.4038265749582468,1.4038265749582468,1354,True
45,0.05,10,9.730677227057583,7.051168839129865,0.04217267036437988,17.913904666900635,0.3800091089945278,1.3800091089945277,1355,True
45,0.05,11,8.142599124949175,6.751865277673713,0.031032800674438477,20.850149393081665,0.20597772468508518,1.2059777246850851,1356,True
45,0.05,12,10.154854390944745,6.93475130404592,0.03354620933532715,23.887433290481567,0.4643429801181378,1.4643429801181378,1357,True
45,0.05,13,9.246252666046697,6.51723497228987,0.10303211212158203,28.82986092567444,0.4187385763073032,1.4187385763073033,1358,True
45,0.05,14,10.010174200883228,6.742069694162527,0.03769326210021973,21.500423431396484,0.4847331242437788,1.484733124243779,1359,True
45,0.05,15,9.991199923674307,7.250991282163391,0.04453229904174805,22.032008171081543,0.377908141780768,1.377908141780768,1360,True
45,0.05,16,10.779832923849174,7.135467326135284,0.03786039352416992,22.98692512512207,0.510739581746183,1.510739581746183,1361,True
45,0.05,17,11.050605666210053,6.816607842899802,0.03806567192077637,29.55216884613037,0.6211297350368183,1.6211297350368183,1362,True
45,0.05,18,9.904514923325456,7.315906440446862,0.07123088836669922,31.156428337097168,0.3538329124286176,1.3538329124286175,1363,True
45,0.05,19,9.449696080385095,7.104834490970254,0.04812955856323242,19.713886976242065,0.3300374684864223,1.3300374684864222,1364,True
45,0.05,20,9.948874891955022,6.7619318552331205,0.030180692672729492,23.67688775062561,0.4713065888493829,1.4713065888493828,1365,True
45,0.05,21,10.037664428800177,6.679612996244062,0.03387260437011719,31.062925100326538,0.5027314358547933,1.5027314358547932,1366,True
45,0.05,22,9.341975189661918,6.73095890400539,0.04484701156616211,20.35591697692871,0.38791148822834015,1.38791148822834,1367,True
45,0.05,23,9.949570823182343,6.948330364644863,0.048636436462402344,22.725656747817993,0.4319369260000459,1.4319369260000459,1368,True
45,0.05,24,9.576013219685846,7.316791255703017,0.03495073318481445,23.04675817489624,0.3087722315737647,1.3087722315737647,1369,True
45,0.05,25,9.082864761744556,6.581977172953256,0.032891035079956055,22.071736574172974,0.37995993043974363,1.3799599304397436,1370,True
45,0.05,26,9.80665205127077,6.940203962468329,0.04292583465576172,23.68257474899292,0.41302072738838785,1.413020727388388,1371,True
45,0.05,27,9.83782519132887,6.556426402986663,0.053336143493652344,21.524933338165283,0.5004858724331023,1.5004858724331023,1372,True
45,0.05,28,9.910894991612416,7.180857192575491,0.036119699478149414,18.326061010360718,0.3801827171635713,1.3801827171635714,1373,True
45,0.05,29,10.079884913618073,7.139122789945041,0.08436155319213867,22.55609393119812,0.411922054039313,1.411922054039313,1374,True
45,0.05,30,8.28335518066461,6.917791014698348,0.06326079368591309,30.66894817352295,0.19739887531508624,1.1973988753150862,1375,True
45,0.05,31,9.622745727730589,6.563955390376578,0.03867959976196289,27.083757638931274,0.4659980385970487,1.4659980385970488,1376,True
45,0.05,32,10.146304333907153,7.238834714171906,0.0462033748626709,22.469545364379883,0.4016488474371596,1.4016488474371596,1377,True
45,0.05,33,10.868923759273756,6.580097514025729,0.05132579803466797,17.79234266281128,0.6517876423725074,1.6517876423725073,1378,True
45,0.05,34,10.136367501726083,7.139507380600598,0.03239607810974121,21.19880700111389,0.419757269145561,1.419757269145561,1379,True
45,0.05,35,9.32840952845507,6.9187089528103805,0.06839895248413086,22.54434084892273,0.3482876056906353,1.3482876056906352,1380,True
45,0.05,36,10.184581440782106,7.003392606705675,0.03809976577758789,23.27902865409851,0.4542353988594722,1.454235398859472,1381,True
45,0.05,37,9.626680042881832,6.622813937747639,0.06497597694396973,24.15676784515381,0.4535634147915955,1.4535634147915955,1382,True
45,0.05,38,8.405495050747456,6.620467566952642,0.03803706169128418,20.74871850013733,0.26962257057267797,1.269622570572678,1383,True
45,0.05,39,9.068619373406428,7.420138482037573,0.03710818290710449,31.338210105895996,0.22216308972661936,1.2221630897266194,1384,True
45,0.05,40,9.028826267536644,6.872531064880419,0.029517650604248047,23.639819145202637,0.3137556138051075,1.3137556138051076,1385,True
45,0.05,41,9.612483900713986,7.037217875528753,0.06791377067565918,27.721920251846313,0.36594945200438844,1.3659494520043884,1386,True
45,0.05,42,9.800873309052188,6.7899572772951435,0.028627872467041016,23.656965255737305,0.44343666812532234,1.4434366681253223,1387,True
45,0.05,43,10.150609838830169,6.902491926996896,0.04114699363708496,23.389371156692505,0.4705717799001396,1.4705717799001397,1388,True
45,0.05,44,10.011266323741339,6.945979259739765,0.03654646873474121,19.1253399848938,0.4413038031611422,1.4413038031611423,1389,True
45,0.05,45,9.790186474545024,7.071583889671891,0.027042150497436523,19.1146297454834,0.3844404064616521,1.3844404064616522,1390,True
45,0.05,46,10.321155982591801,6.72953839593862,0.037819862365722656,26.493500232696533,0.5337093535004982,1.5337093535004982,1391,True
45,0.05,47,9.68001588094708,6.612429590632914,0.04862022399902344,23.87847352027893,0.4639121291604633,1.4639121291604633,1392,True
45,0.05,48,9.822221713446307,6.734938119812627,0.0318293571472168,23.980967044830322,0.45839821223473565,1.4583982122347356,1393,True
45,0.05,49,10.393322286102883,6.780921250606187,0.03182578086853027,22.455735206604004,0.5327301264815253,1.5327301264815252,1394,True
45,0.05,50,9.463348229661506,7.548410850510576,0.033637046813964844,20.992536306381226,0.25368748695248916,1.2536874869524892,1395,True
45,0.05,51,10.307508302833773,7.0663903389285645,0.05355715751647949,29.98820400238037,0.45866670371292284,1.4586667037129228,1396,True
45,0.05,52,10.143520875347427,7.1636181459220785,0.034049034118652344,24.19902801513672,0.4159773272004555,1.4159773272004554,1397,True
45,0.05,53,10.561440368548075,6.944095524270165,0.030742883682250977,21.17163920402527,0.5209238311361073,1.5209238311361073,1398,True
45,0.05,54,8.514956895014668,6.549343207402811,0.10660099983215332,32.13132572174072,0.3001237872814633,1.3001237872814633,1399,True
45,0.05,55,9.912542658422714,7.303240793619394,0.05646967887878418,21.64176106452942,0.3572799991865232,1.3572799991865232,1400,True
45,0.05,56,9.5539870387336,6.8442030617602025,0.03071141242980957,23.578045129776,0.3959239596664585,1.3959239596664585,1401,True
45,0.05,57,9.818517785153505,6.773425787626284,0.04141712188720703,22.078306436538696,0.44956453248369604,1.449564532483696,1402,True
45,0.05,58,10.189600016703809,7.295478248815242,0.02920365333557129,27.175652265548706,0.3967007602768962,1.3967007602768962,1403,True
45,0.05,59,10.569745158568777,6.801628336606456,0.04613137245178223,20.703568935394287,0.5540021646996302,1.5540021646996303,1404,True
45,0.05,60,9.498663859899242,7.037818430165363,0.0278165340423584,21.23145031929016,0.3496602610812253,1.3496602610812252,1405,True
45,0.05,61,11.239322937874155,7.099164074157334,0.03566145896911621,26.735002517700195,0.5831896291547897,1.5831896291547898,1406,True
45,0.05,62,9.890370321745262,6.8734867440797895,0.03566098213195801,22.452742099761963,0.43891603926696277,1.4389160392669627,1407,True
45,0.05,63,9.77969350445468,6.842357315792602,0.037352800369262695,24.866312503814697,0.4292871671408504,1.4292871671408505,1408,True
45,0.1,0,18.664590279952737,10.09904734001205,0.04159426689147949,29.71821165084839,0.8481535586039215,1.8481535586039215,1409,True
45,0.1,1,17.82914832614133,9.67925393102821,0.03384661674499512,32.78255796432495,0.8419961345354817,1.8419961345354816,1410,True
45,0.1,2,19.459890885664134,10.0086654232754,0.06885981559753418,25.489977598190308,0.9443042666217691,1.9443042666217691,1411,True
45,0.1,3,17.31171215208113,9.554585638220582,0.10486102104187012,36.407530307769775,0.8118747172907453,1.8118747172907452,1412,True
45,0.1,4,18.31346403482883,9.710051876380389,0.033309221267700195,27.30810785293579,0.8860315339175644,1.8860315339175644,1413,True
45,0.1,5,15.849463474475078,9.249329980528255,0.06043505668640137,36.64766049385071,0.7135796331022315,1.7135796331022315,1414,True
45,0.1,6,19.029305738430942,10.215615601926723,0.03324389457702637,30.163068532943726,0.8627664234783763,1.8627664234783763,1415,True
45,0.1,7,18.893847135375275,10.778285214369783,0.0317845344543457,32.18975877761841,0.752954830902572,1.752954830902572,1416,True
45,0.1,8,18.53718170001229,9.862935456628346,0.040924072265625,36.761778593063354,0.8794791653588742,1.8794791653588743,1417,True
45,0.1,9,17.998385707266454,9.229499955685762,0.0623173713684082,35.33773946762085,0.9500932654730322,1.9500932654730323,1418,True
45,0.1,10,18.60802500411237,9.314461016645751,0.03134012222290039,26.201005220413208,0.9977564961470355,1.9977564961470355,1419,True
45,0.1,11,18.361299709546543,9.813883924107879,0.053664445877075195,27.232046127319336,0.870951383930869,1.870951383930869,1420,True
45,0.1,12,18.06973993003516,9.259665100730937,0.028481483459472656,30.055782794952393,0.9514463788338063,1.9514463788338063,1421,True
45,0.1,13,16.031757834381484,9.7072746132468,0.03493809700012207,27.754427194595337,0.6515199655013496,1.6515199655013497,1422,True
45,0.1,14,17.387134563679187,9.642140715574575,0.062459707260131836,31.435492515563965,0.8032442251744392,1.8032442251744392,1423,True
45,0.1,15,18.07970838020412,10.266186440750959,0.09803032875061035,30.901370525360107,0.761092932078254,1.761092932078254,1424,True
45,0.1,16,16.38214867528599,9.295185131423006,0.04508376121520996,29.00754404067993,0.7624338239272955,1.7624338239272956,1425,True
45,0.1,17,17.666531276193304,10.240860501699741,0.03464770317077637,30.70934510231018,0.7251022287883989,1.7251022287883988,1426,True
45,0.1,18,16.825356168999058,9.537245682514966,0.060987234115600586,32.79688739776611,0.7641735076454717,1.7641735076454717,1427,True
45,0.1,19,16.75120043516166,10.1077484017668,0.040877580642700195,27.852110624313354,0.6572632963671323,1.6572632963671323,1428,True
45,0.1,20,17.77182415258106,9.524663755231817,0.03575468063354492,30.46048378944397,0.8658741777439806,1.8658741777439807,1429,True
45,0.1,21,17.3286471225312,9.53684540321043,0.035498619079589844,30.087875843048096,0.8170208690494011,1.8170208690494012,1430,True
45,0.1,22,18.074092097601053,9.754563622431165,0.06795716285705566,31.95429539680481,0.8528857668259671,1.852885766825967,1431,True
45,0.1,23,18.273684147240946,9.159852729674476,0.06077098846435547,28.762380361557007,0.994975758512043,1.994975758512043,1432,True
45,0.1,24,17.073526317624733,9.52852607246109,0.06451940536499023,42.788742542266846,0.7918328803202687,1.7918328803202686,1433,True
45,0.1,25,18.990897351057416,9.018542467794896,0.06371641159057617,33.57342028617859,1.1057612600787408,2.1057612600787405,1434,True
45,0.1,26,17.54813105464681,9.621995247013459,0.04917168617248535,27.900909423828125,0.8237517899516236,1.8237517899516236,1435,True
45,0.1,27,18.144501623557982,9.719113612260239,0.05568242073059082,28.891401052474976,0.8668885196145338,1.8668885196145337,1436,True
45,0.1,28,17.96973724094127,9.799302986356594,0.027809619903564453,30.287895679473877,0.8337770825088515,1.8337770825088515,1437,True
45,0.1,29,19.169833613514346,8.661320650743841,0.03810405731201172,34.63700866699219,1.213269129098462,2.213269129098462,1438,True
45,0.1,30,17.917522891669787,9.677904909005159,0.043630123138427734,24.762852907180786,0.8513844742365443,1.8513844742365442,1439,True
45,0.1,31,17.523394952438302,9.67635795542943,0.03823566436767578,28.265291213989258,0.8109494329533231,1.8109494329533231,1440,True
45,0.1,32,18.30736793505375,9.580114666798622,0.055306196212768555,29.170342683792114,0.9109758673871393,1.9109758673871393,1441,True
45,0.1,33,19.069774787367674,10.259513529494827,0.03198957443237305,31.375325918197632,0.8587406442366337,1.8587406442366337,1442,True
45,0.1,34,17.99335855808288,9.758442322726633,0.07179546356201172,32.15065884590149,0.8438760985631674,1.8438760985631675,1443,True
45,0.1,35,16.525900653384205,9.700702706277939,0.06968569755554199,30.24136257171631,0.7035776843969508,1.7035776843969508,1444,True
45,0.1,36,18.0832799457636,9.041827445544175,0.03317618370056152,23.59333372116089,0.9999585321300358,1.9999585321300357,1445,True
45,0.1,37,19.0118377090636,9.135952229573892,0.08211493492126465,29.0226149559021,1.0809913659049777,2.0809913659049775,1446,True
45,0.1,38,18.28063630119195,9.577295674829392,0.06513071060180664,37.52565407752991,0.9087471998213732,1.9087471998213732,1447,True
45,0.1,39,17.704197862945797,8.686768221446032,0.0469212532043457,26.72123694419861,1.0380649525375145,2.0380649525375145,1448,True
45,0.1,40,16.89162473733067,9.765391796237846,0.03991365432739258,28.791512966156006,0.7297436794945832,1.7297436794945833,1449,True
45,0.1,41,16.896571401787757,9.703494409345652,0.03838777542114258,30.897162199020386,0.7412872815708836,1.7412872815708835,1450,True
45,0.1,42,17.987939369152762,9.953927248291969,0.049619436264038086,30.173335790634155,0.8071198352629491,1.8071198352629492,1451,True
45,0.1,43,18.23531249477086,9.556533122805495,0.06194925308227539,43.935256004333496,0.9081514457637907,1.9081514457637907,1452,True
45,0.1,44,17.496300997127516,9.003061695248912,0.035843849182128906,38.54366612434387,0.9433723314770408,1.9433723314770408,1453,True
45,0.1,45,17.82623511492789,9.723294064450004,0.04177093505859375,28.273135900497437,0.8333534907787681,1.833353490778768,1454,True
45,0.1,46,17.836096316493567,9.345851737816862,0.03847360610961914,27.92368769645691,0.9084505957142414,1.9084505957142412,1455,True
45,0.1,47,19.22774205183753,9.827390541795463,0.03521108627319336,27.459776401519775,0.9565460403820102,1.95654604038201,1456,True
45,0.1,48,18.011545704008224,9.246755557697163,0.03028249740600586,26.35592770576477,0.9478773491546549,1.947877349154655,1457,True
45,0.1,49,17.73121566018988,8.95373912935604,0.05286407470703125,24.874677658081055,0.9803140792940572,1.9803140792940572,1458,True
45,0.1,50,18.45333376925122,9.421919940703207,0.04028630256652832,28.870278358459473,0.9585534461539854,1.9585534461539855,1459,True
45,0.1,51,18.37182117340373,9.385565632292256,0.03051590919494629,28.3740291595459,0.9574548719997331,1.9574548719997331,1460,True
45,0.1,52,17.277799268843108,9.013032419369639,0.08378291130065918,28.577863454818726,0.9169795985324435,1.9169795985324436,1461,True
45,0.1,53,17.416741007702072,9.765018461197954,0.062479257583618164,31.469114542007446,0.7835850568955728,1.783585056895573,1462,True
45,0.1,54,19.164627417550147,9.600406664382577,0.11295700073242188,27.109044790267944,0.9962307939152977,1.9962307939152977,1463,True
45,0.1,55,17.133582024808895,9.86041557687138,0.07180523872375488,45.105408668518066,0.737612567263136,1.737612567263136,1464,True
45,0.1,56,18.213835081748755,10.146248088685502,0.046489715576171875,30.082924365997314,0.7951300739491823,1.7951300739491824,1465,True
45,0.1,57,18.209477674684294,9.543594940308884,0.04046058654785156,35.80155038833618,0.908031280516075,1.908031280516075,1466,True
45,0.1,58,17.558119123096724,9.571259257314193,0.08204388618469238,31.68770670890808,0.8344628069372491,1.834462806937249,1467,True
45,0.1,59,18.841860638365016,9.33656098162044,0.029970884323120117,30.476914882659912,1.018072893804936,2.018072893804936,1468,True
45,0.1,60,17.972106346806317,9.754446892757525,0.030217885971069336,26.501494646072388,0.8424526315428745,1.8424526315428746,1469,True
45,0.1,61,16.303133322153993,10.261141956241364,0.03471493721008301,28.90963315963745,0.5888225103676277,1.5888225103676277,1470,True
45,0.1,62,18.104598739574957,9.108784140546044,0.062395334243774414,29.49295663833618,0.9875977364515349,1.987597736451535,1471,True
45,0.1,63,16.69324779928523,9.686673677816918,0.053850412368774414,24.212114810943604,0.7233209618193087,1.7233209618193086,1472,True
45,0.2,0,34.52554323511208,15.455086022449285,0.06334948539733887,38.512136697769165,1.233927600594523,2.233927600594523,1473,True
45,0.2,1,34.41200537767944,15.099742488473238,0.035622358322143555,41.807307958602905,1.278979618622549,2.2789796186225493,1474,True
45,0.2,2,35.0126425738395,15.309995626647476,0.09865427017211914,58.58396506309509,1.2869139500535856,2.2869139500535858,1475,True
45,0.2,3,35.15495920328619,15.611637536681219,0.03596019744873047,33.866698265075684,1.2518431599943207,2.251843159994321,1476,True
45,0.2,4,35.164016271646425,14.67376651738413,0.03353118896484375,36.945019483566284,1.3963865194384364,2.3963865194384364,1477,True
45,0.2,5,34.96119765715837,16.23479635668809,0.031996965408325195,34.81624913215637,1.1534731258120001,2.1534731258120003,1478,True
45,0.2,6,34.693679136809656,15.72741186061302,0.028604984283447266,35.99498414993286,1.2059369618020146,2.2059369618020144,1479,True
45,0.2,7,33.29772728652199,13.114142017404616,0.03289508819580078,34.878167390823364,1.539070206981932,2.539070206981932,1480,True
45,0.2,8,35.80501631030646,15.16110126146235,0.03887677192687988,33.13243293762207,1.3616369083503452,2.361636908350345,1481,True
45,0.2,9,35.194371118945284,15.165964019173877,0.04979681968688965,37.39239811897278,1.3206154962816796,2.32061549628168,1482,True
45,0.2,10,35.79937787199165,15.620641918291795,0.37848711013793945,44.70517611503601,1.2917994061479974,2.2917994061479976,1483,True
45,0.2,11,34.250831485477214,13.795699320349053,0.038722991943359375,28.004275798797607,1.482718033362488,2.482718033362488,1484,True
45,0.2,12,34.436087958011555,16.533110967216363,0.036118507385253906,34.35012674331665,1.0828559141891172,2.082855914189117,1485,True
45,0.2,13,33.48734410816884,16.435067666791717,0.05078554153442383,41.475138425827026,1.0375543798844542,2.037554379884454,1486,True
45,0.2,14,34.93949379329759,15.41473126334126,0.03693652153015137,33.75837683677673,1.2666300953549152,2.266630095354915,1487,True
45,0.2,15,34.057953855927806,14.500322990634649,0.05950212478637695,39.972227573394775,1.348772084451145,2.348772084451145,1488,True
45,0.2,16,34.725088441929046,16.0120837075584,0.0443120002746582,41.50140738487244,1.1686801715592638,2.168680171559264,1489,True
45,0.2,17,34.881141433925976,15.14248207996741,0.03585648536682129,46.53761267662048,1.3035286586253665,2.3035286586253663,1490,True
45,0.2,18,34.56712850362664,14.85466700415563,0.03955078125,38.610970973968506,1.3270214333284214,2.3270214333284214,1491,True
45,0.2,19,34.00041469849272,15.503584297373285,0.03625845909118652,39.94876551628113,1.1930680058451568,2.193068005845157,1492,True
45,0.2,20,33.32603250599332,15.432868072273836,0.03899097442626953,35.85304832458496,1.1594192569990107,2.1594192569990107,1493,True
45,0.2,21,34.28390349451183,14.403218028742215,0.03732776641845703,37.978376626968384,1.3802946970667866,2.3802946970667866,1494,True
45,0.2,22,33.51539309077891,16.07166085498715,0.08224201202392578,52.26310729980469,1.0853720964612592,2.085372096461259,1495,True
45,0.2,23,34.66722921815334,15.423219612981866,0.03302931785583496,32.80855417251587,1.2477297275189942,2.2477297275189945,1496,True
45,0.2,24,34.1059859170733,15.512055546608623,0.06057286262512207,36.777732133865356,1.198676108050028,2.198676108050028,1497,True
45,0.2,25,35.74616242777488,15.622219844936161,0.030515432357788086,39.00154900550842,1.2881615277845266,2.2881615277845264,1498,True
45,0.2,26,32.50957372291716,15.560638781611734,0.08401846885681152,34.8067581653595,1.089218455564579,2.089218455564579,1499,True
45,0.2,27,35.09985653792245,16.250178630926886,0.038977622985839844,37.98429322242737,1.159967427750079,2.1599674277500793,1500,True
45,0.2,28,35.24965572562456,15.261203203449037,0.07241678237915039,52.40454721450806,1.309756003881668,2.309756003881668,1501,True
45,0.2,29,32.11194526969223,14.55382702312107,0.041762351989746094,41.07829570770264,1.2064262010725628,2.206426201072563,1502,True
45,0.2,30,34.85099997095638,15.071038579587539,0.036565303802490234,34.945456981658936,1.3124484611272342,2.312448461127234,1503,True
45,0.2,31,33.09477246568221,15.164987309854695,0.03290271759033203,38.6786732673645,1.1823145505816657,2.182314550581666,1504,True
45,0.2,32,34.40883630507074,15.45266658916344,0.03476238250732422,37.54602789878845,1.2267248249050282,2.226724824905028,1505,True
45,0.2,33,33.13368463783965,15.374741279962972,0.06133556365966797,45.00730562210083,1.1550726633052941,2.1550726633052943,1506,True
45,0.2,34,33.16842955659404,15.224240240484841,0.05510759353637695,48.62883496284485,1.1786591010559184,2.1786591010559184,1507,True
45,0.2,35,35.35190253068804,14.540950764064014,0.037659645080566406,31.20872473716736,1.4311960823122698,2.43119608231227,1508,True
45,0.2,36,32.521220437226,15.765286770616266,0.05369281768798828,37.999104499816895,1.0628372265222514,2.062837226522251,1509,True
45,0.2,37,34.668843788195645,16.16029424669449,0.05004549026489258,32.612388610839844,1.14531018179245,2.1453101817924503,1510,True
45,0.2,38,32.178634928269695,14.600171902892043,0.10350728034973145,48.320061445236206,1.2039901408212639,2.2039901408212637,1511,True
45,0.2,39,33.832681111687656,15.270898806870337,0.10781645774841309,33.074220418930054,1.2155003146551153,2.2155003146551153,1512,True
45,0.2,40,32.35277093942537,14.503385372815753,0.03332686424255371,42.03243708610535,1.2307047704920948,2.230704770492095,1513,True
45,0.2,41,33.813023944062905,15.301121737935057,0.08023381233215332,47.74222683906555,1.2098395479223276,2.2098395479223276,1514,True
45,0.2,42,34.652137895986215,15.401977224755491,0.06309294700622559,36.56643724441528,1.249849963437816,2.249849963437816,1515,True
45,0.2,43,33.52969672208051,14.121942834747475,0.05360293388366699,36.60581040382385,1.374297723368463,2.374297723368463,1516,True
45,0.2,44,34.48208303002715,15.08463423030347,0.03296613693237305,32.62792706489563,1.2859077988617191,2.2859077988617194,1517,True
45,0.2,45,34.99937833217924,14.769791069368459,0.03319239616394043,29.6736319065094,1.3696596768227527,2.3696596768227525,1518,True
45,0.2,46,34.58234909373228,15.151184283306268,0.03705406188964844,34.29302644729614,1.2824848834975544,2.2824848834975544,1519,True
45,0.2,47,34.702075944517794,15.353945488422342,0.053655147552490234,44.33608055114746,1.2601406244854088,2.2601406244854085,1520,True
45,0.2,48,35.11726163019719,15.7590141663552,0.032799720764160156,33.83435869216919,1.2283920338856598,2.22839203388566,1521,True
45,0.2,49,35.22781321714675,15.042139829000451,0.03547525405883789,35.51906204223633,1.3419416132024906,2.341941613202491,1522,True
45,0.2,50,34.193112497870814,14.782849309163431,0.03539299964904785,38.28584957122803,1.3130258438524136,2.3130258438524134,1523,True
45,0.2,51,34.03002668424492,15.747141554762111,0.06956624984741211,38.974409103393555,1.161028816938136,2.1610288169381358,1524,True
45,0.2,52,35.028157237964855,15.156957547697413,0.03370189666748047,44.97665739059448,1.3110282606344172,2.3110282606344175,1525,True
45,0.2,53,32.20728174378386,14.999575845454636,0.06557583808898926,42.58398652076721,1.1472128329244538,2.147212832924454,1526,True
45,0.2,54,35.1161094798049,15.378952240577291,0.0302884578704834,35.64522886276245,1.2833876411392455,2.2833876411392455,1527,True
45,0.2,55,34.73575319495021,16.562027047118587,0.04779386520385742,39.26320791244507,1.097312913215743,2.097312913215743,1528,True
45,0.2,56,33.41196952904735,15.372837491999908,0.04820990562438965,37.95612716674805,1.1734419261528706,2.173441926152871,1529,True
45,0.2,57,32.81642342316054,15.963339362659974,0.036844730377197266,38.61075258255005,1.0557367526697958,2.055736752669796,1530,True
45,0.2,58,34.767360131054794,15.082279005738894,0.06598663330078125,34.52859449386597,1.3051794836725679,2.305179483672568,1531,True
45,0.2,59,34.3002330931369,16.34734281328191,0.02897024154663086,36.14856314659119,1.0982145835510715,2.0982145835510715,1532,True
45,0.2,60,34.56913419219972,15.727004666753968,0.1236722469329834,46.04176568984985,1.1980748988570586,2.1980748988570586,1533,True
45,0.2,61,34.92708919812109,15.733694366721316,0.04864025115966797,30.771809577941895,1.219891170124427,2.219891170124427,1534,True
45,0.2,62,34.635969779378435,15.240831786999461,0.05917191505432129,41.07844686508179,1.2725773936382636,2.2725773936382634,1535,True
45,0.2,63,33.59583616438705,17.547323530258133,0.03379368782043457,35.53221416473389,0.9145846434332446,1.9145846434332447,1536,True
